变体,尺度mm,K,descriptor,n,ICC_2_1,方法
patient_k2_1x1x2,4.0,2,H_high_fraction,18,0.45458213607098347,patient_k2
patient_k2_1x1x2,4.0,2,H_high_largest_component_fraction,18,0.2656210000895857,patient_k2
patient_k2_1x1x2,4.0,2,H_high_component_density,18,0.6528546756382716,patient_k2
patient_k2_1x1x2,4.0,2,habitat_interface_density,18,0.5306702506493445,patient_k2
patient_k2_1x1x2,4.0,2,H_high_radial_index,18,0.33532980620064445,patient_k2
patient_k2_1x1x2,4.0,2,signal_contrast,18,0.5860742552614823,patient_k2
patient_k2_1x1x2,6.0,2,H_high_fraction,18,0.5957977931275052,patient_k2
patient_k2_1x1x2,6.0,2,H_high_largest_component_fraction,18,0.021921499051088367,patient_k2
patient_k2_1x1x2,6.0,2,H_high_component_density,18,0.6361837163908789,patient_k2
patient_k2_1x1x2,6.0,2,habitat_interface_density,18,0.38940229318101693,patient_k2
patient_k2_1x1x2,6.0,2,H_high_radial_index,18,0.33483763206398626,patient_k2
patient_k2_1x1x2,6.0,2,signal_contrast,18,0.3731645368070055,patient_k2
patient_k2_1x1x2,8.0,2,H_high_fraction,18,0.623173605199413,patient_k2
patient_k2_1x1x2,8.0,2,H_high_largest_component_fraction,18,-0.023840015332617454,patient_k2
patient_k2_1x1x2,8.0,2,H_high_component_density,18,0.33872590958881593,patient_k2
patient_k2_1x1x2,8.0,2,habitat_interface_density,18,0.16368732512819217,patient_k2
patient_k2_1x1x2,8.0,2,H_high_radial_index,18,0.2612353739375483,patient_k2
patient_k2_1x1x2,8.0,2,signal_contrast,18,0.5244754005207997,patient_k2
patient_k2_isotropic_2x2x2,4.0,2,H_high_fraction,18,0.4406432239326987,patient_k2
patient_k2_isotropic_2x2x2,4.0,2,H_high_largest_component_fraction,18,-0.013112288368465501,patient_k2
patient_k2_isotropic_2x2x2,4.0,2,H_high_component_density,18,0.21847609706779345,patient_k2
patient_k2_isotropic_2x2x2,4.0,2,habitat_interface_density,18,0.7807895053876935,patient_k2
patient_k2_isotropic_2x2x2,4.0,2,H_high_radial_index,18,0.250018916493759,patient_k2
patient_k2_isotropic_2x2x2,4.0,2,signal_contrast,18,0.6803644981426831,patient_k2
patient_k2_isotropic_2x2x2,6.0,2,H_high_fraction,18,0.426742689404898,patient_k2
patient_k2_isotropic_2x2x2,6.0,2,H_high_largest_component_fraction,18,0.13252844521426055,patient_k2
patient_k2_isotropic_2x2x2,6.0,2,H_high_component_density,18,0.3395091626884693,patient_k2
patient_k2_isotropic_2x2x2,6.0,2,habitat_interface_density,18,0.640065139117044,patient_k2
patient_k2_isotropic_2x2x2,6.0,2,H_high_radial_index,18,0.013138189621639878,patient_k2
patient_k2_isotropic_2x2x2,6.0,2,signal_contrast,18,0.4955966909439739,patient_k2
patient_k2_isotropic_2x2x2,8.0,2,H_high_fraction,18,0.19282598749945717,patient_k2
patient_k2_isotropic_2x2x2,8.0,2,H_high_largest_component_fraction,18,0.33809804970379187,patient_k2
patient_k2_isotropic_2x2x2,8.0,2,H_high_component_density,18,0.624542234164441,patient_k2
patient_k2_isotropic_2x2x2,8.0,2,habitat_interface_density,18,0.046522408970885415,patient_k2
patient_k2_isotropic_2x2x2,8.0,2,H_high_radial_index,18,-0.0019283803679638663,patient_k2
patient_k2_isotropic_2x2x2,8.0,2,signal_contrast,18,0.2938546368950475,patient_k2
patient_k2_n4_1x1x2,4.0,2,H_high_fraction,18,0.21516863386511062,patient_k2
patient_k2_n4_1x1x2,4.0,2,H_high_largest_component_fraction,18,0.5181188055028808,patient_k2
patient_k2_n4_1x1x2,4.0,2,H_high_component_density,18,0.40394903731184184,patient_k2
patient_k2_n4_1x1x2,4.0,2,habitat_interface_density,18,0.19594248195070968,patient_k2
patient_k2_n4_1x1x2,4.0,2,H_high_radial_index,18,-0.10639774093557758,patient_k2
patient_k2_n4_1x1x2,4.0,2,signal_contrast,18,0.3153243468660909,patient_k2
patient_k2_n4_1x1x2,6.0,2,H_high_fraction,18,0.664958961237403,patient_k2
patient_k2_n4_1x1x2,6.0,2,H_high_largest_component_fraction,18,0.17361241516865494,patient_k2
patient_k2_n4_1x1x2,6.0,2,H_high_component_density,18,0.6497267238983682,patient_k2
patient_k2_n4_1x1x2,6.0,2,habitat_interface_density,18,0.05028456507485414,patient_k2
patient_k2_n4_1x1x2,6.0,2,H_high_radial_index,18,0.28416685963411076,patient_k2
patient_k2_n4_1x1x2,6.0,2,signal_contrast,18,0.5206650909749535,patient_k2
patient_k2_n4_1x1x2,8.0,2,H_high_fraction,18,0.6747942132798948,patient_k2
patient_k2_n4_1x1x2,8.0,2,H_high_largest_component_fraction,18,0.24798469991058422,patient_k2
patient_k2_n4_1x1x2,8.0,2,H_high_component_density,18,0.49489714701733084,patient_k2
patient_k2_n4_1x1x2,8.0,2,habitat_interface_density,18,-0.14457802124621896,patient_k2
patient_k2_n4_1x1x2,8.0,2,H_high_radial_index,18,0.10275521679463834,patient_k2
patient_k2_n4_1x1x2,8.0,2,signal_contrast,18,0.6546687741263157,patient_k2
patient_k2_roi_dilate1,4.0,2,H_high_fraction,18,-0.010123561810638077,patient_k2
patient_k2_roi_dilate1,4.0,2,H_high_largest_component_fraction,18,0.43492655475242337,patient_k2
patient_k2_roi_dilate1,4.0,2,H_high_component_density,18,0.2955696505613315,patient_k2
patient_k2_roi_dilate1,4.0,2,habitat_interface_density,18,0.07119927688953823,patient_k2
patient_k2_roi_dilate1,4.0,2,H_high_radial_index,18,-0.06897813358966497,patient_k2
patient_k2_roi_dilate1,4.0,2,signal_contrast,18,0.14700499959493948,patient_k2
patient_k2_roi_dilate1,6.0,2,H_high_fraction,18,0.4599542716721832,patient_k2
patient_k2_roi_dilate1,6.0,2,H_high_largest_component_fraction,18,0.1325983048328223,patient_k2
patient_k2_roi_dilate1,6.0,2,H_high_component_density,18,0.5448772111911515,patient_k2
patient_k2_roi_dilate1,6.0,2,habitat_interface_density,18,0.6702549392687647,patient_k2
patient_k2_roi_dilate1,6.0,2,H_high_radial_index,18,0.5821289843285681,patient_k2
patient_k2_roi_dilate1,6.0,2,signal_contrast,18,0.2075738738319378,patient_k2
patient_k2_roi_dilate1,8.0,2,H_high_fraction,18,0.33700549320412504,patient_k2
patient_k2_roi_dilate1,8.0,2,H_high_largest_component_fraction,18,0.21207793972564554,patient_k2
patient_k2_roi_dilate1,8.0,2,H_high_component_density,18,0.5914520349279764,patient_k2
patient_k2_roi_dilate1,8.0,2,habitat_interface_density,18,0.19069397831220486,patient_k2
patient_k2_roi_dilate1,8.0,2,H_high_radial_index,18,0.23814084253058737,patient_k2
patient_k2_roi_dilate1,8.0,2,signal_contrast,18,0.6332005364974861,patient_k2
patient_k2_roi_erode1,4.0,2,H_high_fraction,18,0.20786203778128065,patient_k2
patient_k2_roi_erode1,4.0,2,H_high_largest_component_fraction,18,0.2573345086780542,patient_k2
patient_k2_roi_erode1,4.0,2,H_high_component_density,18,0.5620055572848257,patient_k2
patient_k2_roi_erode1,4.0,2,habitat_interface_density,18,0.39733829820620725,patient_k2
patient_k2_roi_erode1,4.0,2,H_high_radial_index,18,0.23842421999053204,patient_k2
patient_k2_roi_erode1,4.0,2,signal_contrast,18,0.43862203880164324,patient_k2
patient_k2_roi_erode1,6.0,2,H_high_fraction,18,0.8580152291037857,patient_k2
patient_k2_roi_erode1,6.0,2,H_high_largest_component_fraction,18,0.1644207772755524,patient_k2
patient_k2_roi_erode1,6.0,2,H_high_component_density,18,0.6139058471966778,patient_k2
patient_k2_roi_erode1,6.0,2,habitat_interface_density,18,0.5303860455394003,patient_k2
patient_k2_roi_erode1,6.0,2,H_high_radial_index,18,0.7541421211394757,patient_k2
patient_k2_roi_erode1,6.0,2,signal_contrast,18,0.6827021181957905,patient_k2
patient_k2_roi_erode1,8.0,2,H_high_fraction,18,0.5453684699224042,patient_k2
patient_k2_roi_erode1,8.0,2,H_high_largest_component_fraction,18,0.5590510442806268,patient_k2
patient_k2_roi_erode1,8.0,2,H_high_component_density,18,0.06961420003987823,patient_k2
patient_k2_roi_erode1,8.0,2,habitat_interface_density,18,0.370539820668085,patient_k2
patient_k2_roi_erode1,8.0,2,H_high_radial_index,18,0.5970108206944762,patient_k2
patient_k2_roi_erode1,8.0,2,signal_contrast,18,0.7261560597599914,patient_k2
patient_otsu_1x1x2,4.0,2,H_high_fraction,18,0.45458213607098347,patient_otsu
patient_otsu_1x1x2,4.0,2,H_high_largest_component_fraction,18,0.2656210000895857,patient_otsu
patient_otsu_1x1x2,4.0,2,H_high_component_density,18,0.6528546756382716,patient_otsu
patient_otsu_1x1x2,4.0,2,habitat_interface_density,18,0.5306702506493445,patient_otsu
patient_otsu_1x1x2,4.0,2,H_high_radial_index,18,0.33532980620064445,patient_otsu
patient_otsu_1x1x2,4.0,2,signal_contrast,18,0.5860742552614823,patient_otsu
patient_otsu_1x1x2,6.0,2,H_high_fraction,18,0.5957977931275052,patient_otsu
patient_otsu_1x1x2,6.0,2,H_high_largest_component_fraction,18,0.021921499051088367,patient_otsu
patient_otsu_1x1x2,6.0,2,H_high_component_density,18,0.6361837163908789,patient_otsu
patient_otsu_1x1x2,6.0,2,habitat_interface_density,18,0.38940229318101693,patient_otsu
patient_otsu_1x1x2,6.0,2,H_high_radial_index,18,0.33483763206398626,patient_otsu
patient_otsu_1x1x2,6.0,2,signal_contrast,18,0.3731645368070055,patient_otsu
patient_otsu_1x1x2,8.0,2,H_high_fraction,18,0.6236595291986309,patient_otsu
patient_otsu_1x1x2,8.0,2,H_high_largest_component_fraction,18,-0.023840544518016836,patient_otsu
patient_otsu_1x1x2,8.0,2,H_high_component_density,18,0.33872590958881593,patient_otsu
patient_otsu_1x1x2,8.0,2,habitat_interface_density,18,0.17161991620477787,patient_otsu
patient_otsu_1x1x2,8.0,2,H_high_radial_index,18,0.2614199634783561,patient_otsu
patient_otsu_1x1x2,8.0,2,signal_contrast,18,0.5228556785849261,patient_otsu
