variable,type,mean_A,std_A
original_shape_LeastAxisLength,radiomics,25.38934824314812,8.94216306984735
original_shape_MajorAxisLength,radiomics,46.22899832040567,12.815792887522871
original_firstorder_10Percentile,radiomics,8.159056603773585,1.8758049986665533
original_firstorder_90Percentile,radiomics,13.649056603773586,3.836449943190623
original_firstorder_Entropy,radiomics,3.0473163094627544,0.5412295092626558
original_firstorder_InterquartileRange,radiomics,2.870754716981132,1.4661409351501762
original_glcm_Correlation,radiomics,0.5093595891818717,0.1230853466206712
original_glcm_Imc1,radiomics,-0.0909643845380287,0.0329710398148917
original_glcm_Imc2,radiomics,0.6180006368692629,0.1212539686511799
original_glcm_JointEnergy,radiomics,0.0349384753815264,0.0298098981476822
original_glcm_MCC,radiomics,0.5380278443542619,0.1188571704809555
original_glcm_MaximumProbability,radiomics,0.0718249855552237,0.053804227601796
original_glrlm_GrayLevelNonUniformity,radiomics,1262.4800282904555,1432.6668450308816
original_glrlm_LongRunLowGrayLevelEmphasis,radiomics,0.0654588166681767,0.0776145186680736
original_glrlm_LowGrayLevelRunEmphasis,radiomics,0.0311486312605866,0.0229822911446295
original_glrlm_RunVariance,radiomics,0.3543176136796254,0.2056550927880504
original_glszm_LargeAreaEmphasis,radiomics,18876.34866658812,54849.56574749374
original_glszm_LargeAreaHighGrayLevelEmphasis,radiomics,797754.9847457024,1686876.4310392817
original_glszm_LargeAreaLowGrayLevelEmphasis,radiomics,820.6396163155889,5134.70589043807
original_glszm_ZonePercentage,radiomics,0.1076316342226618,0.0450680558404856
original_glszm_ZoneVariance,radiomics,18733.14073247261,54764.70223594382
original_gldm_GrayLevelNonUniformity,radiomics,1707.9607514067236,2223.237535774904
original_gldm_LowGrayLevelEmphasis,radiomics,0.0306444332036042,0.0223058624731056
original_ngtdm_Contrast,radiomics,0.033013078895148,0.0196626814697087
wavelet-LLH_shape_LeastAxisLength,radiomics,25.38934824314812,8.94216306984735
wavelet-LLH_shape_MajorAxisLength,radiomics,46.22899832040567,12.815792887522871
wavelet-LLH_firstorder_Kurtosis,radiomics,8.73546686862609,8.073846009433675
wavelet-LLH_firstorder_Skewness,radiomics,0.0049022154813023,1.1041084869264723
wavelet-LLH_glcm_ClusterShade,radiomics,122.42062804365106,827.656232959967
wavelet-LLH_glcm_Idmn,radiomics,0.9906956224618754,0.0054861970902082
wavelet-LLH_glcm_Idn,radiomics,0.9419613534204356,0.0160445834503062
wavelet-LLH_glcm_Imc1,radiomics,-0.0781780528508746,0.027116341594737
wavelet-LLH_glcm_Imc2,radiomics,0.5464800701734106,0.0936831764869377
wavelet-LLH_glcm_InverseVariance,radiomics,0.3650219573386435,0.0591085555878228
wavelet-LLH_glcm_MCC,radiomics,0.4595702939490709,0.1281904401393301
wavelet-LLH_glrlm_GrayLevelNonUniformity,radiomics,1090.3848890784643,1317.9841946045287
wavelet-LLH_glszm_LargeAreaEmphasis,radiomics,7847.698554978797,24003.0671073986
wavelet-LLH_glszm_LargeAreaHighGrayLevelEmphasis,radiomics,4281865.615555558,26626936.433457103
wavelet-LLH_glszm_ZoneEntropy,radiomics,6.364875687623174,0.3950605688374134
wavelet-LLH_glszm_ZoneVariance,radiomics,7797.831560140758,23960.450363171363
wavelet-LLH_gldm_LargeDependenceHighGrayLevelEmphasis,radiomics,16625.14912279431,15521.518143548124
wavelet-LLH_ngtdm_Busyness,radiomics,1.3406363203455651,1.6003897157153213
wavelet-LHL_firstorder_10Percentile,radiomics,82.87132075471699,1.4089498802444818
wavelet-LHL_firstorder_MeanAbsoluteDeviation,radiomics,2.720122351351063,0.8386481844625598
wavelet-LHL_firstorder_Minimum,radiomics,60.02452830188679,12.800551368731686
wavelet-LHL_firstorder_Range,radiomics,49.90377358490566,20.9507100097109
wavelet-LHL_firstorder_RobustMeanAbsoluteDeviation,radiomics,1.8693395673610895,0.5176170402640489
wavelet-LHL_glcm_Autocorrelation,radiomics,950.6174901848703,947.624818130947
wavelet-LHL_glcm_DifferenceAverage,radiomics,3.533044210773928,1.0506373443380834
wavelet-LHL_glcm_Idmn,radiomics,0.989580484766014,0.0053165416954992
wavelet-LHL_glcm_Idn,radiomics,0.9339804988748156,0.0163313312506124
wavelet-LHL_glcm_JointAverage,radiomics,28.01101155494272,12.836236577962971
wavelet-LHL_glcm_SumAverage,radiomics,56.02202310988544,25.672473155925942
wavelet-LHL_glrlm_HighGrayLevelRunEmphasis,radiomics,966.7009710637484,953.4495692519296
wavelet-LHL_glszm_LargeAreaHighGrayLevelEmphasis,radiomics,1111051.5189225376,3586601.604707995
wavelet-LHL_gldm_LargeDependenceHighGrayLevelEmphasis,radiomics,12616.787634805914,10819.926471555253
wavelet-LHL_ngtdm_Contrast,radiomics,0.0456088825377944,0.027959148004096
wavelet-LHL_ngtdm_Strength,radiomics,1.0431678053987443,1.475304670390738
wavelet-LHH_firstorder_Kurtosis,radiomics,6.32650685795134,2.302483713925073
wavelet-LHH_firstorder_RootMeanSquared,radiomics,67.62923450166075,0.089389011070664
wavelet-LHH_glcm_Imc2,radiomics,0.4317551444115217,0.1058135486692076
wavelet-LHH_glszm_LargeAreaHighGrayLevelEmphasis,radiomics,786871.673539835,3149428.416794921
wavelet-LHH_glszm_ZonePercentage,radiomics,0.3496623346331333,0.0841964319085099
wavelet-LHH_gldm_DependenceNonUniformityNormalized,radiomics,0.1850921174864389,0.0349943524198528
wavelet-LHH_gldm_SmallDependenceEmphasis,radiomics,0.3255003273627756,0.0658034631575287
wavelet-LHH_ngtdm_Contrast,radiomics,0.0506092453710687,0.0290463925135753
wavelet-LHH_ngtdm_Strength,radiomics,0.958745327911218,1.111469891387762
wavelet-HLL_firstorder_Uniformity,radiomics,0.0933737359623221,0.0310932324463338
wavelet-HLL_glcm_Imc1,radiomics,-0.0518877687533558,0.0185571057706389
wavelet-HLL_glcm_Imc2,radiomics,0.5187648861852372,0.0834493717616353
wavelet-HLL_glcm_JointEnergy,radiomics,0.0115432827996658,0.0090434078487139
wavelet-HLL_glcm_MaximumProbability,radiomics,0.02580365890816,0.0176630334387955
wavelet-HLL_glrlm_GrayLevelNonUniformityNormalized,radiomics,0.0897554459940767,0.0284076224407589
wavelet-HLL_glrlm_LongRunEmphasis,radiomics,1.3302803387721496,0.134465686266096
wavelet-HLL_glrlm_LongRunLowGrayLevelEmphasis,radiomics,0.0041624336940105,0.0084814137817243
wavelet-HLL_glrlm_LowGrayLevelRunEmphasis,radiomics,0.0030071508136508,0.0047654346227661
wavelet-HLL_glrlm_RunLengthNonUniformityNormalized,radiomics,0.8414581344125093,0.0424275869145108
wavelet-HLL_glrlm_RunPercentage,radiomics,0.9109807759467629,0.0273530079281136
wavelet-HLL_glrlm_RunVariance,radiomics,0.1181046663407103,0.0518126469020869
wavelet-HLL_glrlm_ShortRunEmphasis,radiomics,0.9330685229885878,0.0206739056416707
wavelet-HLL_glrlm_ShortRunLowGrayLevelEmphasis,radiomics,0.0027900832260387,0.0041820918453701
wavelet-HLL_glszm_LargeAreaLowGrayLevelEmphasis,radiomics,9.360152111521892,61.83274024167033
wavelet-HLL_glszm_LowGrayLevelZoneEmphasis,radiomics,0.0040768922619232,0.0078326187878076
wavelet-HLL_glszm_SmallAreaLowGrayLevelEmphasis,radiomics,0.0029942795541557,0.0053267746808875
wavelet-HLL_gldm_DependenceVariance,radiomics,3.854903273801298,1.7420638201254868
wavelet-HLL_gldm_LargeDependenceEmphasis,radiomics,15.346586807148611,7.377554715383683
wavelet-HLL_gldm_LargeDependenceLowGrayLevelEmphasis,radiomics,0.0564503804024887,0.2022706331005852
wavelet-HLL_gldm_LowGrayLevelEmphasis,radiomics,0.0029557165058245,0.0046170704116797
wavelet-HLL_ngtdm_Contrast,radiomics,0.0477493568808541,0.0252391315541628
wavelet-HLL_ngtdm_Strength,radiomics,0.9716694065452416,1.1759912007644893
wavelet-HLH_glszm_LowGrayLevelZoneEmphasis,radiomics,0.0037204333709955,0.0036888572698479
wavelet-HLH_glszm_SmallAreaLowGrayLevelEmphasis,radiomics,0.0028985800309825,0.0028278453477101
wavelet-HLH_gldm_DependenceVariance,radiomics,3.241554528081665,1.157305106978194
wavelet-HLH_ngtdm_Busyness,radiomics,1.2835070352602758,1.66560718705483
wavelet-HLH_ngtdm_Strength,radiomics,0.8717187030190676,0.8995481610805364
wavelet-HHL_firstorder_Variance,radiomics,16.172149025529695,9.186633199793798
wavelet-HHL_glcm_ClusterTendency,radiomics,29.87776197456253,16.96784721189693
wavelet-HHL_glcm_Contrast,radiomics,31.24186021307816,17.296688944078177
wavelet-HHL_glcm_Imc1,radiomics,-0.0477722877092454,0.0191799120447244
wavelet-HHL_glcm_Imc2,radiomics,0.5194299694108993,0.0791503009689487
wavelet-HHL_glcm_InverseVariance,radiomics,0.2427150307104317,0.0521489468240215
wavelet-HHL_glcm_SumSquares,radiomics,15.279905546910172,8.562875674424118
wavelet-HHL_gldm_GrayLevelVariance,radiomics,16.172149025529695,9.186633199793798
wavelet-HHL_ngtdm_Strength,radiomics,0.747637261804152,1.1349710051898014
wavelet-HHH_firstorder_RootMeanSquared,radiomics,62.306180517677504,0.0687853831512505
wavelet-HHH_firstorder_Variance,radiomics,16.617373930998014,8.011892045413544
wavelet-HHH_glcm_ClusterTendency,radiomics,30.58474270276332,14.693662395195474
wavelet-HHH_glcm_Contrast,radiomics,32.79796817065814,15.68850613026311
wavelet-HHH_glcm_DifferenceVariance,radiomics,13.50515966798356,6.785347616903198
wavelet-HHH_glcm_SumSquares,radiomics,15.845677718355365,7.595404997298951
wavelet-HHH_glrlm_GrayLevelVariance,radiomics,17.300460637611945,8.190392946149014
wavelet-HHH_gldm_GrayLevelVariance,radiomics,16.617373930998014,8.011892045413544
wavelet-HHH_ngtdm_Contrast,radiomics,0.0672919422605575,0.0321144169761311
wavelet-HHH_ngtdm_Strength,radiomics,0.7031721478408912,0.930065049157
wavelet-LLL_firstorder_10Percentile,radiomics,7.930188679245283,2.028298376477875
wavelet-LLL_firstorder_90Percentile,radiomics,13.00754716981132,3.9587423701770974
wavelet-LLL_firstorder_Entropy,radiomics,2.903489911112089,0.5890580374027478
wavelet-LLL_firstorder_InterquartileRange,radiomics,2.6358490566037736,1.4657851704446108
wavelet-LLL_firstorder_MeanAbsoluteDeviation,radiomics,1.6198698325636305,0.7701392056519295
wavelet-LLL_firstorder_Mean,radiomics,10.390881005836786,2.839574040551068
wavelet-LLL_firstorder_Median,radiomics,10.233962264150945,2.836084425136272
wavelet-LLL_firstorder_RobustMeanAbsoluteDeviation,radiomics,1.2449843329296364,0.5894723659421673
wavelet-LLL_firstorder_RootMeanSquared,radiomics,10.60846693143429,2.9424702398923968
wavelet-LLL_glcm_Correlation,radiomics,0.6924159694964638,0.0914191573010089
wavelet-LLL_glcm_Idmn,radiomics,0.9924845686030844,0.0030115721415013
wavelet-LLL_glcm_Idn,radiomics,0.9466347126834386,0.0107666711653707
wavelet-LLL_glcm_Imc2,radiomics,0.7981133625766362,0.078248820285324
wavelet-LLL_glcm_JointAverage,radiomics,6.762000493637517,2.431537210778532
wavelet-LLL_glcm_JointEntropy,radiomics,5.105944430851515,1.0813628896852214
wavelet-LLL_glcm_MCC,radiomics,0.7192313351456616,0.0833427653031588
wavelet-LLL_glcm_SumAverage,radiomics,13.524000987275036,4.863074421557064
wavelet-LLL_glcm_SumEntropy,radiomics,3.7142625741538793,0.646218734130345
wavelet-LLL_glrlm_GrayLevelNonUniformityNormalized,radiomics,0.1599367647445371,0.0635942146596358
wavelet-LLL_glszm_GrayLevelNonUniformityNormalized,radiomics,0.1088468955552979,0.0475903426145747
wavelet-LLL_glszm_LargeAreaEmphasis,radiomics,53014.199583156726,216679.1667130616
wavelet-LLL_glszm_LargeAreaLowGrayLevelEmphasis,radiomics,3411.7121062551905,19251.52378340675
wavelet-LLL_glszm_ZoneEntropy,radiomics,5.8156699140552295,0.5573169808413141
wavelet-LLL_glszm_ZoneVariance,radiomics,52327.802039137525,215905.77687674752
wavelet-LLL_gldm_DependenceNonUniformityNormalized,radiomics,0.0681775936226307,0.0182529939293233
wavelet-LLL_gldm_LowGrayLevelEmphasis,radiomics,0.0441383035932779,0.0378208387919196
wavelet-LLL_ngtdm_Contrast,radiomics,0.0228828780425093,0.0154411963519123
log-sigma-1-0-mm-3D_shape_LeastAxisLength,radiomics,25.38934824314812,8.94216306984735
log-sigma-1-0-mm-3D_shape_MajorAxisLength,radiomics,46.22899832040567,12.815792887522871
log-sigma-1-0-mm-3D_glcm_Id,radiomics,0.4250622540008559,0.068901411006014
log-sigma-1-0-mm-3D_glcm_Idm,radiomics,0.3493075990164404,0.0812144618460717
log-sigma-1-0-mm-3D_glcm_MaximumProbability,radiomics,0.0356218732203399,0.0264808308773881
log-sigma-1-0-mm-3D_glrlm_GrayLevelNonUniformity,radiomics,952.6241665644465,1206.269626627246
log-sigma-1-0-mm-3D_glszm_LargeAreaEmphasis,radiomics,5333.077479921695,22383.142554856728
log-sigma-1-0-mm-3D_glszm_LargeAreaHighGrayLevelEmphasis,radiomics,1427907.5521214548,4939940.225613551
log-sigma-1-0-mm-3D_glszm_ZoneVariance,radiomics,5291.803557974195,22351.173338348075
log-sigma-1-0-mm-3D_ngtdm_Strength,radiomics,0.6864558388150205,0.6695814562794344
log-sigma-2-0-mm-3D_firstorder_10Percentile,radiomics,43.76716981132076,2.2945500462095705
log-sigma-2-0-mm-3D_firstorder_Kurtosis,radiomics,3.510828269431156,1.102395742561081
log-sigma-2-0-mm-3D_firstorder_MeanAbsoluteDeviation,radiomics,2.780870992164079,0.9772951727034116
log-sigma-2-0-mm-3D_firstorder_Minimum,radiomics,33.01698113207547,6.625400973242885
log-sigma-2-0-mm-3D_firstorder_Skewness,radiomics,-0.0451423044161079,0.4274184285991098
log-sigma-2-0-mm-3D_glcm_ClusterShade,radiomics,-25.90915468081518,291.9746591271154
log-sigma-2-0-mm-3D_glcm_Idmn,radiomics,0.9927445290952002,0.0026811024770567
log-sigma-2-0-mm-3D_glcm_Idn,radiomics,0.9446516986638416,0.0105404869840323
log-sigma-2-0-mm-3D_glcm_InverseVariance,radiomics,0.4140598713790391,0.0515914035317818
log-sigma-2-0-mm-3D_glcm_JointAverage,radiomics,15.97066828574121,6.533377388039567
log-sigma-2-0-mm-3D_glcm_SumAverage,radiomics,31.94133657148242,13.066754776079131
log-sigma-2-0-mm-3D_glrlm_LongRunEmphasis,radiomics,2.1476910842020467,1.0232993745224088
log-sigma-2-0-mm-3D_glrlm_LongRunHighGrayLevelEmphasis,radiomics,579.4111700072222,434.7535276675157
log-sigma-2-0-mm-3D_glrlm_LongRunLowGrayLevelEmphasis,radiomics,0.0262776833445106,0.0714123866657587
log-sigma-2-0-mm-3D_glrlm_RunEntropy,radiomics,4.6325828794860735,0.2815393758738507
log-sigma-2-0-mm-3D_glrlm_RunVariance,radiomics,0.4890556959799946,0.5040280886651872
log-sigma-2-0-mm-3D_glszm_GrayLevelNonUniformityNormalized,radiomics,0.0673669389944175,0.0242499782158924
log-sigma-2-0-mm-3D_glszm_LargeAreaLowGrayLevelEmphasis,radiomics,365.39859121523097,2708.884903258282
log-sigma-2-0-mm-3D_glszm_ZoneEntropy,radiomics,6.532880100283782,0.4933329549487524
log-sigma-2-0-mm-3D_gldm_LargeDependenceHighGrayLevelEmphasis,radiomics,12739.839949455678,9410.69745084784
log-sigma-2-0-mm-3D_gldm_LargeDependenceLowGrayLevelEmphasis,radiomics,0.7205660761874054,2.138113189038638
log-sigma-2-0-mm-3D_ngtdm_Busyness,radiomics,1.9115849784126584,2.8954857463364427
log-sigma-2-0-mm-3D_ngtdm_Contrast,radiomics,0.0360934109451935,0.0205118473214839
log-sigma-3-0-mm-3D_firstorder_Kurtosis,radiomics,3.099206293211656,0.9685923585840244
log-sigma-3-0-mm-3D_firstorder_Mean,radiomics,38.85677835193839,1.6389841444472115
log-sigma-3-0-mm-3D_firstorder_Range,radiomics,22.73584905660377,8.005307068453712
log-sigma-3-0-mm-3D_firstorder_RootMeanSquared,radiomics,39.0326131823252,1.6205359013315872
log-sigma-3-0-mm-3D_firstorder_Skewness,radiomics,-0.210830898340071,0.4114542744184212
log-sigma-3-0-mm-3D_glcm_Idmn,radiomics,0.9940362087668256,0.002363536524537
log-sigma-3-0-mm-3D_glcm_Idn,radiomics,0.9497769818821504,0.0101957649931354
log-sigma-3-0-mm-3D_glcm_InverseVariance,radiomics,0.4425619022209332,0.0433347991106046
log-sigma-3-0-mm-3D_glrlm_LongRunEmphasis,radiomics,2.7125633016992894,1.87778127082044
log-sigma-3-0-mm-3D_glrlm_LongRunHighGrayLevelEmphasis,radiomics,571.7426643986119,395.7621353256941
log-sigma-3-0-mm-3D_glrlm_RunEntropy,radiomics,4.752719090265216,0.2655797772523272
log-sigma-3-0-mm-3D_glrlm_RunVariance,radiomics,0.7719256507216723,0.9860864846843654
log-sigma-3-0-mm-3D_glszm_GrayLevelNonUniformityNormalized,radiomics,0.0763764974086754,0.0290651006388969
log-sigma-3-0-mm-3D_glszm_GrayLevelVariance,radiomics,19.63205443486979,10.81110658403892
log-sigma-3-0-mm-3D_glszm_LargeAreaLowGrayLevelEmphasis,radiomics,1012.57913404091,9429.18978655541
log-sigma-3-0-mm-3D_glszm_ZoneEntropy,radiomics,6.40439642289873,0.593156847685719
log-sigma-3-0-mm-3D_glszm_ZonePercentage,radiomics,0.0605915913222025,0.0422716893951726
log-sigma-3-0-mm-3D_gldm_DependenceEntropy,radiomics,7.338646360972487,0.3272632560272478
log-sigma-3-0-mm-3D_gldm_DependenceNonUniformityNormalized,radiomics,0.0870632683883702,0.0236375462800427
log-sigma-3-0-mm-3D_gldm_LargeDependenceHighGrayLevelEmphasis,radiomics,15013.320851470782,10854.291227762413
log-sigma-3-0-mm-3D_gldm_SmallDependenceEmphasis,radiomics,0.0734506123467829,0.0377081672533042
log-sigma-3-0-mm-3D_ngtdm_Busyness,radiomics,1.9968065396301944,3.153865335997712
log-sigma-3-0-mm-3D_ngtdm_Contrast,radiomics,0.0326934540118913,0.0170259190943807
年龄,clinical,58.27358490566038,11.071920133849332
distance,clinical,67.66037735849056,28.837831151422915
length,clinical,46.10188679245283,14.885379563245978
thickness,clinical,17.847169811320754,7.943743325899188
EID,clinical,4.611320754716981,6.15429472308776
CEA_log,clinical,1.566181810070241,1.1303553699464606
