影像号,读者,read,n4,resample,align,crop,zscore,save,total
IMG-FD56119EA7,R1,0.117,52.676,0.977,0.0,0.039,0.01,0.01,53.829
IMG-9E2C4ABE0B,R1,0.201,6.439,1.228,0.0,0.02,0.009,0.007,7.903
IMG-9E2C4ABE0B,R2,0.138,5.499,0.0,1.258,0.022,0.009,0.007,6.933
IMG-2F73457616,R1,0.147,5.325,1.44,0.0,0.018,0.009,0.008,6.947
IMG-B620C26C3C,R1,0.058,1.505,0.525,0.0,0.017,0.011,0.012,2.127
IMG-D0FB6C7AE7,R1,0.142,50.992,1.048,0.0,0.014,0.009,0.008,52.214
IMG-D0FB6C7AE7,R2,0.114,51.634,0.0,1.016,0.017,0.01,0.008,52.798
IMG-21459DC175,R1,0.152,5.154,1.218,0.0,0.018,0.01,0.008,6.559
IMG-7692AF5B6E,R1,0.173,6.543,1.531,0.0,0.026,0.009,0.007,8.289
IMG-1815129EC4,R1,0.158,5.198,1.23,0.0,0.023,0.009,0.01,6.628
IMG-1815129EC4,R2,0.142,5.246,0.0,1.214,0.028,0.009,0.008,6.647
IMG-8605D71E24,R1,0.277,10.039,2.122,0.0,0.031,0.011,0.008,12.488
IMG-13AB453ACC,R1,0.153,6.393,1.326,0.0,0.019,0.009,0.008,7.907
IMG-6827311D79,R1,0.144,5.004,1.15,0.0,0.015,0.01,0.008,6.33
IMG-A8BED95109,R1,0.091,2.317,0.794,0.0,0.029,0.009,0.01,3.25
IMG-AD73EFA971,R1,0.205,5.034,1.23,0.0,0.018,0.011,0.009,6.507
IMG-AD73EFA971,R2,0.14,4.896,0.0,1.212,0.022,0.01,0.009,6.289
IMG-34BB6ABEC6,R1,0.092,2.136,1.258,0.0,0.051,0.011,0.008,3.555
IMG-C75BD32FBE,R1,0.185,5.405,1.213,0.0,0.017,0.009,0.007,6.837
IMG-88A5AD1265,R1,0.082,2.735,0.783,0.0,0.027,0.01,0.008,3.645
IMG-833E2B96C5,R1,0.151,4.111,1.02,0.0,0.017,0.011,0.006,5.316
IMG-0BF441CFFD,R1,0.147,5.264,1.572,0.0,0.018,0.011,0.008,7.018
IMG-B58B195A92,R1,0.143,5.769,1.26,0.0,0.017,0.009,0.007,7.206
IMG-D41184EA72,R1,0.125,3.78,1.026,0.0,0.014,0.009,0.008,4.96
IMG-902274DA71,R1,0.157,5.17,1.557,0.0,0.016,0.011,0.006,6.917
IMG-C494A4152C,R1,0.083,2.473,0.954,0.0,0.028,0.011,0.009,3.558
IMG-E0F62AB36F,R1,0.102,2.242,1.178,0.0,0.052,0.01,0.008,3.592
IMG-7CA9BEBE72,R1,0.19,5.386,1.23,0.0,0.017,0.008,0.008,6.839
IMG-ABBB6E83CB,R1,0.13,3.166,0.382,0.0,0.006,0.003,0.003,3.689
IMG-8DA78E815D,R1,0.058,1.831,0.38,0.0,0.006,0.003,0.003,2.282
IMG-343B9B81CF,R1,0.072,2.085,0.482,0.0,0.01,0.003,0.003,2.655
IMG-221E334705,R1,0.075,1.955,0.49,0.0,0.008,0.004,0.005,2.537
IMG-4058D9DB94,R1,0.083,2.235,0.667,0.0,0.007,0.004,0.004,3.0
IMG-A13984FE9F,R1,0.08,2.343,0.882,0.0,0.009,0.004,0.003,3.32
IMG-01DD783D86,R1,0.032,0.732,0.883,0.0,0.04,0.004,0.005,1.697
IMG-8A3B5398AB,R1,0.105,2.806,0.538,0.0,0.007,0.004,0.005,3.465
IMG-BA39BCD54C,R1,0.071,2.768,0.525,0.0,0.011,0.005,0.005,3.384
IMG-B658BE7023,R1,0.076,2.723,0.537,0.0,0.009,0.004,0.004,3.353
IMG-F48A5C5E70,R1,0.082,3.15,0.665,0.0,0.012,0.004,0.004,3.917
IMG-ECE86CBFCB,R1,0.072,2.722,0.58,0.0,0.01,0.006,0.004,3.395
IMG-ECE86CBFCB,R2,0.078,2.733,0.0,0.665,0.013,0.005,0.004,3.499
IMG-D31CF4ABF7,R1,0.085,2.915,0.765,0.0,0.013,0.005,0.004,3.787
IMG-D31CF4ABF7,R2,0.093,2.992,0.0,0.743,0.014,0.004,0.005,3.852
IMG-71847CEE34,R1,0.1,3.668,0.842,0.0,0.014,0.005,0.005,4.633
IMG-71847CEE34,R2,0.102,4.763,0.0,0.786,0.017,0.006,0.005,5.679
IMG-200CA22DBE,R1,0.094,3.699,0.854,0.0,0.013,0.006,0.008,4.674
IMG-182FA24923,R1,0.147,5.076,1.105,0.0,0.021,0.011,0.008,6.368
IMG-182FA24923,R2,0.142,5.968,0.0,1.496,0.024,0.011,0.007,7.648
IMG-B1DBEB52F4,R1,0.151,6.357,1.334,0.0,0.03,0.009,0.009,7.89
IMG-B1DBEB52F4,R2,0.146,6.265,0.0,1.305,0.029,0.009,0.008,7.762
IMG-825C59B3C8,R1,0.135,5.172,1.241,0.0,0.024,0.01,0.008,6.591
IMG-825C59B3C8,R2,0.13,5.291,0.0,1.207,0.024,0.01,0.008,6.67
IMG-43B8CB3C00,R1,0.157,5.948,1.291,0.0,0.024,0.01,0.007,7.437
IMG-72F57C8B9D,R1,0.139,5.16,1.212,0.0,0.019,0.01,0.008,6.547
IMG-72F57C8B9D,R2,0.13,5.25,0.0,1.199,0.022,0.008,0.007,6.617
IMG-F8825C15D4,R1,0.142,4.819,1.218,0.0,0.026,0.012,0.006,6.224
IMG-F8825C15D4,R2,0.138,4.747,0.0,1.208,0.023,0.011,0.008,6.134
IMG-DA4569F340,R1,0.375,14.874,2.942,0.0,0.041,0.011,0.008,18.251
IMG-DA4569F340,R2,0.342,14.841,0.0,2.541,0.046,0.011,0.009,17.791
IMG-12B96F8D2D,R1,0.146,5.717,1.198,0.0,0.019,0.008,0.009,7.097
IMG-8BF8DD5DE4,R1,0.275,12.583,2.607,0.0,0.062,0.012,0.012,15.551
IMG-8BF8DD5DE4,R2,0.288,14.035,0.0,3.061,0.062,0.013,0.01,17.468
IMG-16B3264BD9,R1,0.194,6.339,1.466,0.0,0.019,0.009,0.006,8.034
IMG-16B3264BD9,R2,0.173,8.53,0.0,1.137,0.024,0.008,0.006,9.878
IMG-D912BD7931,R1,0.113,3.406,0.949,0.0,0.011,0.005,0.005,4.488
IMG-34B5A93F0D,R1,0.084,4.273,1.34,0.0,0.035,0.011,0.009,5.752
IMG-34B5A93F0D,R2,0.112,4.562,0.0,1.483,0.037,0.011,0.01,6.215
IMG-893073F906,R1,0.322,13.706,3.036,0.0,0.03,0.006,0.005,17.106
IMG-893073F906,R2,0.224,8.206,0.0,0.966,0.033,0.007,0.005,9.442
IMG-EE9195B25E,R1,0.126,4.298,0.953,0.0,0.016,0.006,0.004,5.403
IMG-EE9195B25E,R2,0.104,3.937,0.0,1.008,0.018,0.006,0.004,5.078
IMG-73F9CFC758,R1,0.089,3.544,0.953,0.0,0.068,0.048,0.017,4.72
IMG-BC631D0348,R1,0.156,6.417,1.577,0.0,0.021,0.009,0.009,8.188
IMG-44D24E8682,R1,0.19,5.706,0.901,0.0,0.015,0.006,0.004,6.822
IMG-8F0C09D99C,R1,0.091,3.281,0.648,0.0,0.009,0.004,0.004,4.037
IMG-8F0C09D99C,R2,0.083,3.071,0.0,0.644,0.011,0.004,0.005,3.819
IMG-EDA063D47C,R1,0.112,5.317,1.69,0.0,0.065,0.009,0.007,7.201
IMG-EDA063D47C,R2,0.134,5.362,0.0,2.006,0.073,0.011,0.008,7.594
IMG-0BBC1DBA30,R1,0.14,6.391,1.207,0.0,0.02,0.013,0.012,7.784
IMG-AF5A3DA75D,R1,0.056,1.279,0.55,0.0,0.024,0.012,0.008,1.928
IMG-AF5A3DA75D,R2,0.099,2.434,0.0,0.824,0.028,0.011,0.008,3.403
IMG-7350051976,R1,0.147,5.518,1.314,0.0,0.021,0.012,0.006,7.019
IMG-7350051976,R2,0.127,5.371,0.0,1.207,0.025,0.008,0.008,6.746
IMG-4950E13031,R1,0.14,6.293,1.604,0.0,0.015,0.007,0.006,8.065
IMG-4950E13031,R2,0.167,5.224,0.0,0.819,0.017,0.007,0.005,6.239
IMG-182FA24923,R1,0.131,6.158,1.415,0.0,0.016,0.009,0.005,7.734
IMG-182FA24923,R2,0.149,6.147,0.0,1.149,0.02,0.009,0.007,7.481
