影像号,读者,split,n_roi,n_below,n_above,frac_below,frac_above,roi_min,roi_max
IMG-FD56119EA7,R1,B,1634,0,0,0.0,0.0,-3.9205331802368164,3.3166909217834473
IMG-05082286D9,R1,B,32487,0,0,0.0,0.0,-4.219152927398682,3.837496280670166
IMG-380589DDAC,R1,A,5590,0,0,0.0,0.0,-3.3324761390686035,6.068310737609863
IMG-8EEA8E66A1,R1,A,5240,0,0,0.0,0.0,-5.214049816131592,5.325814247131348
IMG-5B9E750116,R1,A,7901,0,0,0.0,0.0,-2.6051719188690186,4.666513442993164
IMG-81E9925726,R1,A,7865,0,0,0.0,0.0,-2.4609804153442383,3.3494651317596436
IMG-FE253BFCC1,R1,A,27308,0,0,0.0,0.0,-2.8168647289276123,6.022648334503174
IMG-7F272E52C4,R1,A,9025,0,0,0.0,0.0,-2.7614896297454834,7.471426486968994
IMG-CC74D73278,R1,B,1875,0,0,0.0,0.0,-3.01379132270813,3.9399898052215576
IMG-B842AB8222,R1,A,1973,0,0,0.0,0.0,-3.0873560905456543,6.8598480224609375
IMG-03F1BA49E0,R1,A,14394,0,0,0.0,0.0,-3.4297659397125244,8.074634552001953
IMG-2F73457616,R1,A,6836,0,0,0.0,0.0,-3.228550434112549,4.560199737548828
IMG-887B5BBEA4,R1,A,9742,0,0,0.0,0.0,-2.8841326236724854,6.1085004806518555
IMG-AD2B6907E7,R1,A,7904,0,0,0.0,0.0,-3.0669631958007812,7.086148738861084
IMG-FF74DF2CB0,R1,A,5334,0,0,0.0,0.0,-3.461552381515503,5.603291988372803
IMG-CA8DB0E356,R1,A,2943,0,0,0.0,0.0,-3.038372039794922,4.299762725830078
IMG-2586B3625A,R1,A,5741,0,0,0.0,0.0,-3.305896043777466,5.628190517425537
IMG-9E2C4ABE0B,R1,A,8856,0,0,0.0,0.0,-3.3975830078125,6.239171504974365
IMG-9E2C4ABE0B,R2,A,20993,0,0,0.0,0.0,-2.687915086746216,6.646581172943115
IMG-56F78D7F71,R1,A,67626,0,0,0.0,0.0,-2.314075231552124,7.946897029876709
IMG-B620C26C3C,R1,B,1939,0,0,0.0,0.0,-3.19242262840271,5.981420040130615
IMG-D0FB6C7AE7,R1,A,4667,0,0,0.0,0.0,-2.2288012504577637,4.274500370025635
IMG-D0FB6C7AE7,R2,A,9579,0,0,0.0,0.0,-2.304215431213379,4.787837028503418
IMG-D9EB6D7E30,R1,B,12710,0,0,0.0,0.0,-4.326552867889404,6.914529323577881
IMG-21459DC175,R1,A,4999,0,0,0.0,0.0,-2.620831251144409,6.648804187774658
IMG-E04D5E9519,R1,B,6635,0,0,0.0,0.0,-3.067629814147949,4.040649890899658
IMG-9FBC3B9E41,R1,B,2230,0,0,0.0,0.0,-4.402267932891846,6.862437725067139
IMG-37A61CD40F,R1,A,10533,0,0,0.0,0.0,-2.1861367225646973,8.00324535369873
IMG-F9D06E12D1,R1,A,15764,0,0,0.0,0.0,-2.663461208343506,5.698094367980957
IMG-924E797A9E,R1,A,8984,0,0,0.0,0.0,-3.376488447189331,7.430511951446533
IMG-A6F90B5698,R1,A,8354,0,0,0.0,0.0,-2.9054627418518066,6.9735941886901855
IMG-089709848D,R1,B,11732,0,0,0.0,0.0,-4.320014476776123,4.625627040863037
IMG-3650048DDE,R1,A,989,0,0,0.0,0.0,-2.3741235733032227,2.7425785064697266
IMG-03F39E1825,R1,A,7042,0,0,0.0,0.0,-3.2313692569732666,4.583950996398926
IMG-E69BFF1B31,R1,B,11725,0,0,0.0,0.0,-3.8331611156463623,6.084689140319824
IMG-E69BFF1B31,R2,B,17588,0,0,0.0,0.0,-4.200380802154541,6.110879898071289
IMG-38CE1E9C5E,R1,A,3301,0,0,0.0,0.0,-3.118011474609375,5.299429416656494
IMG-DC6849C376,R1,B,832,0,0,0.0,0.0,-2.0759661197662354,7.281917572021484
IMG-7692AF5B6E,R1,A,3724,0,0,0.0,0.0,-2.644075870513916,5.05656099319458
IMG-00E0E335F8,R1,B,3040,0,0,0.0,0.0,-2.58603572845459,5.029984474182129
IMG-185ACED11B,R1,A,4546,0,0,0.0,0.0,-2.729642629623413,4.872257709503174
IMG-731AEA47FE,R1,A,13306,0,0,0.0,0.0,-3.3400418758392334,8.036572456359863
IMG-E26D72CC96,R1,A,4728,0,0,0.0,0.0,-3.1337568759918213,6.872795581817627
IMG-39120D1441,R1,B,3606,0,0,0.0,0.0,-3.714172601699829,6.4516801834106445
IMG-DCC2F206AC,R1,A,7048,0,0,0.0,0.0,-2.8207926750183105,4.009063720703125
IMG-4AC748A020,R1,B,5445,0,0,0.0,0.0,-4.21380615234375,4.9252824783325195
IMG-A3393E0C00,R1,A,4385,0,0,0.0,0.0,-2.014125108718872,5.545241832733154
IMG-D06C7EE47C,R1,A,12059,0,0,0.0,0.0,-3.0028953552246094,7.12127161026001
IMG-2760B2A8FA,R1,A,4839,0,0,0.0,0.0,-3.5336573123931885,4.038045406341553
IMG-E6E984C73C,R1,B,7453,0,0,0.0,0.0,-4.519323348999023,6.607045650482178
IMG-818E128307,R1,B,7552,0,0,0.0,0.0,-3.3268191814422607,5.0420918464660645
IMG-02B7360D27,R1,A,8396,0,0,0.0,0.0,-3.7130277156829834,6.270840644836426
IMG-C518AF9324,R1,A,15792,0,0,0.0,0.0,-2.940572738647461,5.862880706787109
IMG-577B8F64F1,R1,A,5698,0,0,0.0,0.0,-3.1378142833709717,6.699906349182129
IMG-6C8346139A,R1,A,5606,0,0,0.0,0.0,-2.7051970958709717,7.431041717529297
IMG-61AAFD85E8,R1,A,4358,0,0,0.0,0.0,-3.434863567352295,6.218633651733398
IMG-B03647841E,R1,A,2191,0,0,0.0,0.0,-2.7793824672698975,3.215937376022339
IMG-56DFF2D2FE,R1,A,47073,0,0,0.0,0.0,-3.4819998741149902,7.693543434143066
IMG-5E6C0EE889,R1,A,4451,0,0,0.0,0.0,-3.092958688735962,5.179068088531494
IMG-45EE2A9CDC,R1,A,9106,0,0,0.0,0.0,-2.612107038497925,4.90716552734375
IMG-F07AE3A14A,R1,A,14131,0,0,0.0,0.0,-3.2440531253814697,5.347518444061279
IMG-0CCEB31762,R1,A,13185,0,0,0.0,0.0,-3.5981199741363525,7.204858303070068
IMG-8605D71E24,R1,A,5504,0,0,0.0,0.0,-3.224703311920166,5.179441928863525
IMG-76EDC743AD,R1,A,7474,0,0,0.0,0.0,-2.803098440170288,4.2728118896484375
IMG-38B5B96114,R1,A,23753,0,0,0.0,0.0,-2.992151975631714,7.537722110748291
IMG-1815129EC4,R1,A,50058,0,0,0.0,0.0,-3.9809980392456055,9.189363479614258
IMG-1815129EC4,R2,A,49209,0,0,0.0,0.0,-4.012458801269531,10.551835060119629
IMG-85B5930876,R1,A,25159,0,0,0.0,0.0,-3.809389591217041,7.950605869293213
IMG-D5C387DB04,R1,A,527,0,0,0.0,0.0,-2.573859930038452,3.6445353031158447
IMG-13AB453ACC,R1,A,16001,0,0,0.0,0.0,-3.168368101119995,4.801690101623535
IMG-F990629A43,R1,A,7652,0,0,0.0,0.0,-2.757577896118164,9.054849624633789
IMG-A7DECE2A4F,R1,B,6065,1,0,0.00016488046166529267,0.0,-5.696705341339111,7.23618745803833
IMG-EE31B11EBE,R1,A,3976,0,0,0.0,0.0,-2.3578574657440186,6.256743907928467
IMG-94E4BDAA75,R1,A,13557,0,0,0.0,0.0,-3.7291765213012695,6.402440071105957
IMG-38EF930E76,R1,A,20494,0,0,0.0,0.0,-4.159135341644287,5.8369951248168945
IMG-41EAFCF85F,R1,A,6884,0,0,0.0,0.0,-2.6803221702575684,6.172563076019287
IMG-ABFF501689,R1,A,1031,0,0,0.0,0.0,-2.801180362701416,4.689517498016357
IMG-7CBC99386C,R1,A,8480,0,0,0.0,0.0,-3.2424464225769043,5.533541679382324
IMG-179056E0FE,R1,B,17984,0,0,0.0,0.0,-5.0803046226501465,6.732956886291504
IMG-4A4951ED11,R1,B,2348,0,0,0.0,0.0,-2.718475580215454,3.69441294670105
IMG-0E260E9467,R1,A,14936,0,0,0.0,0.0,-3.1901304721832275,6.726644992828369
IMG-2D81B46B15,R1,A,9926,0,0,0.0,0.0,-3.9581079483032227,7.053042888641357
IMG-9E4E3CF0DC,R1,A,8892,0,0,0.0,0.0,-2.865696668624878,5.605223655700684
IMG-D9B504042D,R1,A,12382,0,0,0.0,0.0,-2.5237581729888916,4.660994052886963
IMG-882D513D84,R1,B,17898,0,0,0.0,0.0,-2.8922321796417236,3.7251713275909424
IMG-6827311D79,R1,A,10012,0,0,0.0,0.0,-2.9677624702453613,3.521113872528076
IMG-BDD045A536,R1,A,22556,0,0,0.0,0.0,-4.162600994110107,6.718956470489502
IMG-C67D2F1ADF,R1,A,15950,0,0,0.0,0.0,-3.35274600982666,5.964472770690918
IMG-ECA2952C4C,R1,A,5611,0,0,0.0,0.0,-2.669496536254883,7.721554279327393
IMG-6B62EF437D,R1,B,4213,0,0,0.0,0.0,-3.7222626209259033,4.852956295013428
IMG-4285B9C1CD,R1,A,4763,0,0,0.0,0.0,-2.6626713275909424,8.888151168823242
IMG-AD73EFA971,R1,A,12690,0,0,0.0,0.0,-2.653036594390869,5.784672737121582
IMG-E025660C70,R1,A,4462,0,0,0.0,0.0,-2.8031680583953857,5.232369899749756
IMG-C7F57DC895,R1,B,57987,0,0,0.0,0.0,-3.9313042163848877,6.135743618011475
IMG-B63D1A35CF,R1,A,7533,0,0,0.0,0.0,-3.0576093196868896,4.773350715637207
IMG-A8BED95109,R1,B,4931,0,0,0.0,0.0,-3.38832688331604,4.581472396850586
IMG-AD73EFA971,R2,A,14036,0,0,0.0,0.0,-3.0466785430908203,11.297603607177734
IMG-2348AD09B4,R1,A,11200,0,0,0.0,0.0,-2.7951323986053467,7.229048728942871
IMG-FF80C5A277,R1,A,12620,0,0,0.0,0.0,-2.608462333679199,6.692190647125244
IMG-4ADDC9946B,R1,A,3435,0,0,0.0,0.0,-4.160397529602051,5.270557403564453
IMG-557CCA8640,R1,B,5018,0,0,0.0,0.0,-4.039628028869629,5.850277900695801
IMG-922C9D652E,R1,A,12158,0,0,0.0,0.0,-3.712813377380371,7.027810096740723
IMG-4C76CFDF5A,R1,A,4900,0,0,0.0,0.0,-3.1578047275543213,5.021935939788818
IMG-46D99E88E9,R1,B,6185,0,0,0.0,0.0,-3.770960807800293,5.912508964538574
IMG-3AA422094F,R1,A,4072,0,0,0.0,0.0,-3.0415351390838623,6.539612770080566
IMG-34BB6ABEC6,R1,B,3129,0,0,0.0,0.0,-3.182344913482666,4.2909135818481445
IMG-C75BD32FBE,R1,A,4525,0,0,0.0,0.0,-2.741149663925171,5.695879936218262
IMG-4971F5AC6D,R1,A,13063,0,0,0.0,0.0,-3.117041826248169,5.532839775085449
IMG-88A5AD1265,R1,B,5185,0,0,0.0,0.0,-3.095613956451416,3.3618407249450684
IMG-97E9F2C29B,R1,B,3042,0,0,0.0,0.0,-2.657092571258545,4.682709693908691
IMG-97E9F2C29B,R2,B,11839,0,0,0.0,0.0,-3.075093984603882,6.499473571777344
IMG-3277CEE26B,R1,A,3151,0,0,0.0,0.0,-2.9395787715911865,6.133073329925537
IMG-1583C2350D,R1,B,3693,0,0,0.0,0.0,-2.984778881072998,6.14975643157959
IMG-FCB482DFC1,R1,A,10365,0,0,0.0,0.0,-2.9023780822753906,6.592039108276367
IMG-0CBFC07908,R1,A,13671,0,0,0.0,0.0,-3.625413179397583,5.458899974822998
IMG-B98B3A15DF,R1,A,28323,0,0,0.0,0.0,-4.527536869049072,8.394598960876465
IMG-1EA2F09A23,R1,A,13220,0,0,0.0,0.0,-2.9702441692352295,6.406351089477539
IMG-0E703C00C4,R1,A,14341,0,0,0.0,0.0,-3.6746397018432617,7.834144115447998
IMG-2038F1FF32,R1,A,14581,0,0,0.0,0.0,-3.4691531658172607,5.536723613739014
IMG-D122DA15EE,R1,A,5937,0,0,0.0,0.0,-2.9847357273101807,5.220248699188232
IMG-5F709341D1,R1,B,6083,0,0,0.0,0.0,-3.153554677963257,7.832308292388916
IMG-79A4F0ADA9,R1,A,7152,0,0,0.0,0.0,-2.469419479370117,5.977004528045654
IMG-05B7E87122,R1,B,2905,0,0,0.0,0.0,-2.8717033863067627,6.454348564147949
IMG-F83C4C56BC,R1,B,1420,0,0,0.0,0.0,-3.2768054008483887,5.230203151702881
IMG-455A5A01E4,R1,A,6649,0,0,0.0,0.0,-3.196427822113037,6.8761372566223145
IMG-E488AF3FF6,R1,B,3719,0,0,0.0,0.0,-3.740415573120117,7.367496013641357
IMG-24923A3FA1,R1,A,3292,0,0,0.0,0.0,-3.0771484375,3.894871234893799
IMG-FFE4FA252C,R1,B,26393,0,0,0.0,0.0,-4.962073802947998,4.941534042358398
IMG-76AA075229,R1,A,13333,0,0,0.0,0.0,-3.318190097808838,6.198745250701904
IMG-55F9E5483B,R1,B,11815,0,0,0.0,0.0,-3.330470085144043,6.627652168273926
IMG-84BD5A09A5,R1,B,1001,0,0,0.0,0.0,-2.797593593597412,4.042970657348633
IMG-94B3FD2C28,R1,A,6918,0,0,0.0,0.0,-2.9176735877990723,5.479608058929443
IMG-40350FCA2E,R1,B,2639,0,0,0.0,0.0,-4.0287322998046875,6.836213111877441
IMG-FC78791CB1,R1,A,17233,0,0,0.0,0.0,-3.7158944606781006,10.100260734558105
IMG-71E57AB0AA,R1,A,6519,0,0,0.0,0.0,-2.909764528274536,5.496404647827148
IMG-833E2B96C5,R1,A,8250,0,0,0.0,0.0,-2.657212734222412,7.577450275421143
IMG-8DC884E180,R1,B,10649,0,0,0.0,0.0,-3.501277208328247,8.342123985290527
IMG-224449B3C8,R1,B,6045,0,0,0.0,0.0,-3.4966847896575928,5.229962348937988
IMG-23C5F88703,R1,A,5959,0,0,0.0,0.0,-3.08493971824646,7.576510906219482
IMG-BE4E03A7EC,R1,A,12270,0,0,0.0,0.0,-3.3399651050567627,5.407047748565674
IMG-888B3DCBD4,R1,B,9814,0,0,0.0,0.0,-2.933461904525757,5.759366989135742
IMG-CF55BF6E7E,R1,A,4106,0,0,0.0,0.0,-2.6902220249176025,4.46126127243042
IMG-2993B54556,R1,A,6324,0,0,0.0,0.0,-2.8788516521453857,4.63161039352417
IMG-ABC443CC89,R1,B,5401,0,0,0.0,0.0,-3.804342746734619,4.972411632537842
IMG-0BF441CFFD,R1,A,5075,0,0,0.0,0.0,-3.0921521186828613,6.4319353103637695
IMG-CF7D513190,R1,B,10423,0,0,0.0,0.0,-4.590960502624512,5.81773042678833
IMG-1610969B40,R1,B,1826,0,0,0.0,0.0,-3.59797739982605,4.465749263763428
IMG-27963623FC,R1,B,7784,0,0,0.0,0.0,-4.004456520080566,6.035006523132324
IMG-4C2D1F3E83,R1,A,2101,0,0,0.0,0.0,-2.7817575931549072,6.520010471343994
IMG-661F5E6D96,R1,B,1460,0,0,0.0,0.0,-3.2059032917022705,6.246405124664307
IMG-26EAA54C4E,R1,B,3875,1,0,0.00025806451612903227,0.0,-5.999916076660156,5.739440441131592
IMG-64F9D9EAFD,R1,A,3232,0,0,0.0,0.0,-3.164278030395508,5.150449275970459
IMG-409C8E0531,R1,B,2409,0,0,0.0,0.0,-5.035487174987793,7.221289157867432
IMG-BA1F2CA3C2,R1,A,6177,0,0,0.0,0.0,-3.0110926628112793,6.165559768676758
IMG-99018A3BBF,R1,A,14283,0,0,0.0,0.0,-4.496066570281982,6.337408065795898
IMG-50E116010A,R1,A,15505,0,0,0.0,0.0,-3.8413479328155518,5.93345308303833
IMG-CA1864CAB7,R1,B,29753,0,0,0.0,0.0,-3.9051997661590576,3.694279193878174
IMG-B5724F0DA1,R1,B,13760,0,0,0.0,0.0,-3.2858779430389404,3.584564447402954
IMG-B58B195A92,R1,A,27309,0,0,0.0,0.0,-3.152977466583252,4.311934947967529
IMG-1B12ABD1BD,R1,A,3245,0,0,0.0,0.0,-2.6089365482330322,4.673931121826172
IMG-D41184EA72,R1,A,4069,0,0,0.0,0.0,-3.0027873516082764,5.030331611633301
IMG-5BA0ADBC4C,R1,B,4495,0,0,0.0,0.0,-3.649876117706299,5.0015363693237305
IMG-7A55781B9B,R1,A,7495,0,0,0.0,0.0,-3.2291455268859863,5.508508205413818
IMG-1956F93A94,R1,A,18290,0,0,0.0,0.0,-2.7613108158111572,8.309009552001953
IMG-2F127584F6,R1,B,4831,0,0,0.0,0.0,-2.7885096073150635,9.273957252502441
IMG-E32C034F3E,R1,A,30393,0,0,0.0,0.0,-3.6215386390686035,6.102698802947998
IMG-3764EDD622,R1,A,38657,0,0,0.0,0.0,-3.1858088970184326,10.64204216003418
IMG-64AB7DEE94,R1,A,31479,0,0,0.0,0.0,-3.558711528778076,7.599539756774902
IMG-A22BE3ED59,R1,A,22032,0,0,0.0,0.0,-3.5888140201568604,7.920551300048828
IMG-5A5B8AB14F,R1,B,10181,1,0,9.822217856792063e-05,0.0,-5.601906776428223,5.934473514556885
IMG-18C4D92767,R1,A,10361,0,0,0.0,0.0,-3.4437010288238525,7.265041351318359
IMG-65A394D23B,R1,B,13291,0,0,0.0,0.0,-4.318222999572754,5.552955150604248
IMG-6816D8B955,R1,A,14326,0,0,0.0,0.0,-2.540527105331421,5.126727104187012
IMG-15C2735A6C,R1,B,18131,0,0,0.0,0.0,-4.641195297241211,4.7504987716674805
IMG-6EC79803B0,R1,A,6640,0,0,0.0,0.0,-3.2845335006713867,5.444180488586426
IMG-4FC941C223,R1,A,2339,0,0,0.0,0.0,-3.052227020263672,4.677271366119385
IMG-492B7B6733,R1,A,1802,0,0,0.0,0.0,-2.8510031700134277,5.797083854675293
IMG-1C08E2D087,R1,A,16359,0,0,0.0,0.0,-2.8882174491882324,5.436672210693359
IMG-DE81D2274C,R1,A,2851,0,0,0.0,0.0,-2.9442100524902344,5.81910514831543
IMG-902274DA71,R1,A,6439,0,0,0.0,0.0,-3.0176899433135986,7.329322338104248
IMG-EA7B6364A7,R1,B,3768,0,0,0.0,0.0,-2.920884132385254,5.387583255767822
IMG-8AB7D47FEF,R1,B,22627,0,0,0.0,0.0,-4.357175827026367,6.652493953704834
IMG-BD44B1455E,R1,B,18689,0,0,0.0,0.0,-3.4653656482696533,6.052856922149658
IMG-114C90DEA1,R1,A,10487,0,0,0.0,0.0,-3.1465249061584473,6.862451076507568
IMG-E93A5C05AD,R1,A,1443,0,0,0.0,0.0,-3.502206563949585,3.174731492996216
IMG-FD48BE03D7,R1,B,5835,0,0,0.0,0.0,-3.7752418518066406,4.763941287994385
IMG-5162797D54,R1,A,7258,0,0,0.0,0.0,-4.0463690757751465,4.680706977844238
IMG-91927D1621,R1,A,180348,0,0,0.0,0.0,-2.718081474304199,4.7242751121521
IMG-CFAF88B4CD,R1,A,4407,0,0,0.0,0.0,-3.1410250663757324,5.9547810554504395
IMG-8B3F8BA7D6,R1,B,6686,0,0,0.0,0.0,-3.794163227081299,5.463237762451172
IMG-303462E9AB,R1,B,4776,0,0,0.0,0.0,-3.424048662185669,7.93118143081665
IMG-1A8A63EDA6,R1,A,2171,0,0,0.0,0.0,-2.908748149871826,5.2520246505737305
IMG-FD6A3F9B5F,R1,A,9736,0,0,0.0,0.0,-2.7507920265197754,3.5543696880340576
IMG-CE8B531748,R1,A,10231,0,0,0.0,0.0,-4.240219593048096,5.944932460784912
IMG-B59F60C732,R1,B,5727,0,0,0.0,0.0,-4.609569549560547,6.758443832397461
IMG-54236152F7,R1,A,20165,0,0,0.0,0.0,-3.1731863021850586,6.100087642669678
IMG-80199D80D4,R1,A,5527,0,0,0.0,0.0,-3.1557037830352783,5.597038745880127
IMG-624280518C,R1,B,10455,0,0,0.0,0.0,-3.9134185314178467,4.938740253448486
IMG-2598452A2C,R1,A,3876,0,0,0.0,0.0,-3.036085367202759,7.028985977172852
IMG-95DCA281A3,R1,A,3630,0,0,0.0,0.0,-3.1480817794799805,6.029045581817627
IMG-A7D59529BB,R1,A,14237,0,0,0.0,0.0,-3.580745220184326,7.731987476348877
IMG-C494A4152C,R1,B,8411,0,0,0.0,0.0,-3.4400346279144287,3.6195995807647705
IMG-D6415F4197,R1,A,4472,0,0,0.0,0.0,-3.194098949432373,6.97692346572876
IMG-70906056DC,R1,A,1896,0,0,0.0,0.0,-3.9789106845855713,3.8563804626464844
IMG-D085D2AAE2,R1,A,4611,0,0,0.0,0.0,-2.7641634941101074,6.887119770050049
IMG-0203DA228B,R1,B,2911,0,0,0.0,0.0,-2.5842292308807373,4.883419990539551
IMG-EC1E7A94F3,R1,A,6890,0,0,0.0,0.0,-2.714895009994507,4.5526628494262695
IMG-8014D09B0A,R1,A,18383,0,0,0.0,0.0,-3.8564558029174805,5.918760776519775
IMG-4449C8D329,R1,B,1681,0,0,0.0,0.0,-3.350396156311035,5.211423397064209
IMG-63FD509047,R1,A,14003,0,0,0.0,0.0,-3.5399880409240723,11.59911060333252
IMG-83994CA207,R1,A,9012,0,0,0.0,0.0,-2.770969867706299,4.165091037750244
IMG-D388333648,R1,A,6379,0,0,0.0,0.0,-3.3980090618133545,9.18293571472168
IMG-BB361E6F33,R1,A,8518,0,0,0.0,0.0,-3.2794110774993896,7.95589017868042
IMG-2EBA49844B,R1,B,15219,0,0,0.0,0.0,-4.181917190551758,8.524258613586426
IMG-A301495109,R1,B,7259,0,0,0.0,0.0,-3.9435746669769287,5.0294904708862305
IMG-29CE8C38A1,R1,A,16660,0,0,0.0,0.0,-2.001711845397949,4.572622299194336
IMG-36EEC399FC,R1,A,5753,0,0,0.0,0.0,-2.888645648956299,5.6879072189331055
IMG-E740D52D51,R1,A,31051,0,0,0.0,0.0,-3.8781700134277344,8.22311019897461
IMG-EFFAAC8239,R1,A,276,0,0,0.0,0.0,-2.8588597774505615,3.139648914337158
IMG-484D861783,R1,A,6796,0,0,0.0,0.0,-3.1368846893310547,6.851928234100342
IMG-D032350B9E,R1,A,2423,0,0,0.0,0.0,-2.4575681686401367,5.103033065795898
IMG-D1D5842957,R1,B,2364,0,0,0.0,0.0,-3.0619726181030273,4.347718715667725
IMG-590C82EC78,R1,A,1725,0,0,0.0,0.0,-2.982180118560791,4.823461532592773
IMG-1D343A7BA2,R1,A,7936,0,0,0.0,0.0,-3.2359061241149902,6.298956871032715
IMG-A83F2A8C19,R1,A,7663,0,0,0.0,0.0,-2.916501998901367,6.848097801208496
IMG-AD61D63F8E,R1,A,25188,0,0,0.0,0.0,-3.438633441925049,7.104423522949219
IMG-8FCEE43A85,R1,B,1016,0,0,0.0,0.0,-2.558475971221924,5.288327217102051
IMG-A2468C96C1,R1,B,3532,0,0,0.0,0.0,-5.001955509185791,3.890406847000122
IMG-1DA75142BB,R1,A,4328,0,0,0.0,0.0,-2.3647563457489014,5.1577067375183105
IMG-AC72589A50,R1,A,13008,0,0,0.0,0.0,-2.6574978828430176,5.169717788696289
IMG-B1528A6D99,R1,A,5930,0,0,0.0,0.0,-3.390207529067993,6.347011566162109
IMG-1764C2BF64,R1,B,2273,0,0,0.0,0.0,-3.2514259815216064,4.927319526672363
IMG-4E9691F81E,R1,A,11318,0,0,0.0,0.0,-3.586634397506714,5.992515563964844
IMG-6EE77F37E5,R1,B,5747,0,0,0.0,0.0,-4.728748798370361,5.321502685546875
IMG-ECE007F92E,R1,A,17347,0,0,0.0,0.0,-3.096562623977661,5.635848045349121
IMG-E4848F18F3,R1,A,26183,0,0,0.0,0.0,-2.291318655014038,3.656757116317749
IMG-3308024D3D,R1,A,17556,0,0,0.0,0.0,-2.2916858196258545,4.743858814239502
IMG-747FB60C60,R1,B,6630,0,0,0.0,0.0,-3.340487003326416,2.916391372680664
IMG-A8EB341591,R1,A,41461,0,0,0.0,0.0,-3.6626625061035156,7.512354373931885
IMG-D4F62F739A,R1,B,6839,0,0,0.0,0.0,-2.861546516418457,5.431234359741211
IMG-5510E43A20,R1,A,6744,0,0,0.0,0.0,-3.274158477783203,6.548119068145752
IMG-59F1C27615,R1,A,4671,0,0,0.0,0.0,-2.9681448936462402,8.670111656188965
IMG-467A11749B,R1,A,758,0,0,0.0,0.0,-2.3977651596069336,5.307517051696777
IMG-510371DDF5,R1,A,6170,0,0,0.0,0.0,-2.8804774284362793,5.906666278839111
IMG-4A07EA39CE,R1,B,2718,0,0,0.0,0.0,-2.82161021232605,6.8412251472473145
IMG-36AC375F9E,R1,A,3353,0,0,0.0,0.0,-3.0294792652130127,4.24335241317749
IMG-316818AB3A,R1,A,6752,0,0,0.0,0.0,-3.0271379947662354,5.172984600067139
IMG-455B78B730,R1,A,5860,0,0,0.0,0.0,-2.9043493270874023,4.414263725280762
IMG-1C0B040D5F,R1,B,33379,0,0,0.0,0.0,-4.463160514831543,6.6458563804626465
IMG-0B0367AA20,R1,B,1490,0,0,0.0,0.0,-3.4344496726989746,3.4013144969940186
IMG-528C6CF610,R1,A,5744,0,0,0.0,0.0,-2.755866765975952,8.753642082214355
IMG-E0F62AB36F,R1,B,2559,0,0,0.0,0.0,-2.5703001022338867,5.833388805389404
IMG-E968058CF3,R1,A,6543,0,0,0.0,0.0,-3.4860472679138184,7.320610046386719
IMG-0A611FB1F6,R1,A,7244,0,0,0.0,0.0,-3.1971802711486816,6.430798053741455
IMG-6EF7AC9635,R1,A,9631,0,0,0.0,0.0,-3.42510724067688,4.543676376342773
IMG-753DDA4F42,R1,A,2232,0,0,0.0,0.0,-2.9498956203460693,3.2335586547851562
IMG-D40E6756F5,R1,A,2799,0,0,0.0,0.0,-3.462817668914795,5.021624565124512
IMG-D1AAD39E93,R1,A,10973,0,0,0.0,0.0,-4.015475749969482,6.431472301483154
IMG-0DE717A45F,R1,B,1948,0,0,0.0,0.0,-3.1181800365448,7.031689167022705
IMG-E67FBBCB28,R1,B,3900,0,0,0.0,0.0,-2.71455717086792,4.93322229385376
IMG-F1F4C7746A,R1,B,6201,0,0,0.0,0.0,-3.213063955307007,6.552925109863281
IMG-ABBB6E83CB,R1,A,5430,0,0,0.0,0.0,-3.2291128635406494,6.683815002441406
IMG-DCBE1524E9,R1,A,2525,0,0,0.0,0.0,-2.9444546699523926,4.996808052062988
IMG-6427C96710,R1,A,17097,0,0,0.0,0.0,-3.29990553855896,4.538905143737793
IMG-C43C8E321C,R1,A,16889,0,0,0.0,0.0,-3.2795567512512207,6.305967330932617
IMG-0030A52322,R1,A,4779,0,0,0.0,0.0,-2.655142307281494,3.724167823791504
IMG-D7D236D533,R1,A,16332,0,0,0.0,0.0,-2.0769855976104736,3.994211196899414
IMG-7CA9BEBE72,R1,A,9703,0,0,0.0,0.0,-3.411174774169922,6.964025497436523
IMG-ADC448E361,R1,B,3689,0,0,0.0,0.0,-2.5580081939697266,5.400397300720215
IMG-C7D5EC274A,R1,A,1516,0,0,0.0,0.0,-3.696793556213379,2.9901318550109863
IMG-0A716D9DE8,R1,A,2218,0,0,0.0,0.0,-2.8662030696868896,6.577598571777344
IMG-D5E58F8859,R1,A,6316,0,0,0.0,0.0,-3.5172626972198486,6.067292213439941
IMG-B4DE82A20A,R1,A,7878,0,0,0.0,0.0,-3.592350482940674,5.070147514343262
IMG-372E6F7819,R1,A,3764,0,0,0.0,0.0,-3.1087050437927246,4.95167350769043
IMG-83E16F4943,R1,A,8989,0,0,0.0,0.0,-3.1624433994293213,6.878659725189209
IMG-7328CD0240,R1,A,2151,0,0,0.0,0.0,-3.8399174213409424,5.128916263580322
IMG-39B37EA5AA,R1,B,9140,0,0,0.0,0.0,-4.335196495056152,6.1651225090026855
IMG-B4A893F49A,R1,B,1958,0,0,0.0,0.0,-2.664891242980957,6.704768180847168
IMG-9200C18331,R1,B,7794,0,0,0.0,0.0,-4.047552108764648,6.670446395874023
IMG-C02F4F397B,R1,B,8204,0,0,0.0,0.0,-3.667816638946533,5.718141555786133
IMG-CEA9165C97,R1,A,9447,0,0,0.0,0.0,-3.000600814819336,7.483530044555664
IMG-0B27CE5306,R1,A,4155,0,0,0.0,0.0,-3.4749042987823486,5.676141262054443
IMG-289CB955B6,R1,A,1594,0,0,0.0,0.0,-2.766425132751465,6.343801021575928
IMG-728286FD61,R1,B,1172,0,0,0.0,0.0,-2.1922600269317627,5.688206195831299
IMG-B586C22379,R1,A,7926,0,0,0.0,0.0,-2.8369247913360596,5.814589500427246
IMG-564DB6E048,R1,A,11676,0,0,0.0,0.0,-3.0093190670013428,6.204448223114014
IMG-C532A5CD27,R1,B,9182,0,0,0.0,0.0,-3.57574462890625,5.774963855743408
IMG-331EF7B671,R1,B,11514,0,0,0.0,0.0,-3.437941312789917,5.901528835296631
IMG-2D93E37CF2,R1,B,10376,0,0,0.0,0.0,-3.002131938934326,8.526830673217773
IMG-75E6956B29,R1,B,4865,0,0,0.0,0.0,-2.6889278888702393,8.752840042114258
IMG-FC390CC9D2,R1,A,17309,0,0,0.0,0.0,-3.345580577850342,7.226643085479736
IMG-8E0304AACB,R1,A,22002,0,0,0.0,0.0,-3.3498172760009766,5.829501628875732
IMG-8DA78E815D,R1,A,5618,0,0,0.0,0.0,-3.21646785736084,5.679931163787842
IMG-39AC997E19,R1,A,12896,0,0,0.0,0.0,-3.9999234676361084,4.286858558654785
IMG-9C5230ED53,R1,A,6914,0,0,0.0,0.0,-3.4897754192352295,8.195088386535645
IMG-89A7987CD0,R1,B,8903,0,0,0.0,0.0,-3.3221993446350098,6.676493167877197
IMG-ADAF997FAE,R1,A,26608,0,0,0.0,0.0,-3.214271306991577,8.781431198120117
IMG-F9B1E01AE4,R1,B,12610,0,0,0.0,0.0,-3.8274800777435303,6.587666034698486
IMG-9118ABC68F,R1,A,51623,0,0,0.0,0.0,-3.5947840213775635,3.593510389328003
IMG-9ECB620A02,R1,A,10959,0,0,0.0,0.0,-4.0146660804748535,6.6924357414245605
IMG-9FBE24A0F3,R1,A,2443,0,0,0.0,0.0,-4.021663188934326,4.611416339874268
IMG-AC10C242FF,R1,A,15264,0,0,0.0,0.0,-4.050083637237549,7.758624076843262
IMG-4AAC0B5985,R1,A,10415,0,0,0.0,0.0,-3.936326026916504,6.2189249992370605
IMG-396B60587F,R1,A,8818,0,0,0.0,0.0,-3.6034352779388428,4.680098056793213
IMG-E29DB0EB56,R1,A,11964,0,0,0.0,0.0,-3.168473243713379,5.622646331787109
IMG-A941D4B36D,R1,A,7378,0,0,0.0,0.0,-2.962331533432007,7.073840618133545
IMG-E35461D393,R1,A,2035,0,0,0.0,0.0,-3.1660892963409424,4.723957061767578
IMG-3CB7278E69,R1,A,1784,0,0,0.0,0.0,-3.1309421062469482,5.105859756469727
IMG-33B5BB86C8,R1,A,14385,0,0,0.0,0.0,-2.994037389755249,4.4918036460876465
IMG-3913DEC6AF,R1,A,8407,0,0,0.0,0.0,-3.0753073692321777,4.4703779220581055
IMG-1517AFE9F7,R1,A,1181,0,0,0.0,0.0,-3.7287728786468506,4.759873867034912
IMG-A135E42BD6,R1,A,28105,0,0,0.0,0.0,-3.384430408477783,4.753056526184082
IMG-5CB53C5107,R1,A,5565,0,0,0.0,0.0,-2.6833531856536865,3.2544100284576416
IMG-130301C807,R1,A,32523,0,0,0.0,0.0,-2.6906092166900635,4.109882354736328
IMG-343B9B81CF,R1,A,4183,0,0,0.0,0.0,-3.1368110179901123,4.369056224822998
IMG-096EE47041,R1,A,9863,0,0,0.0,0.0,-2.9073147773742676,4.653975486755371
IMG-2AEC2AD4B0,R1,A,6943,0,0,0.0,0.0,-4.567174911499023,5.562621116638184
IMG-FC5D879142,R1,A,16550,0,0,0.0,0.0,-3.2907867431640625,4.004800796508789
IMG-DB2D19C43A,R1,A,7790,0,0,0.0,0.0,-2.773914098739624,4.777573108673096
IMG-0C0EF7B130,R1,A,3412,0,0,0.0,0.0,-3.094940185546875,6.367364406585693
IMG-CCB5481F08,R1,A,24576,0,0,0.0,0.0,-2.940871477127075,5.8234148025512695
IMG-F4172CA658,R1,A,4591,0,0,0.0,0.0,-2.439282178878784,6.480715751647949
IMG-CB92CEEA29,R1,A,46175,0,0,0.0,0.0,-3.508695602416992,4.218623638153076
IMG-CF16F87B5B,R1,A,12091,0,0,0.0,0.0,-3.025012254714966,5.980864524841309
IMG-2E35DB7124,R1,A,22232,0,0,0.0,0.0,-3.0063462257385254,7.636767864227295
IMG-037489B4CD,R1,A,16846,0,0,0.0,0.0,-3.8998923301696777,6.455660343170166
IMG-8B7A86E90A,R1,B,9099,0,0,0.0,0.0,-2.434128999710083,4.475228786468506
IMG-E350B9069A,R1,A,22127,0,0,0.0,0.0,-2.3296616077423096,4.916801452636719
IMG-DDFA8F1560,R1,A,10860,0,0,0.0,0.0,-3.1387994289398193,8.198395729064941
IMG-E0E1148C51,R1,A,17814,0,0,0.0,0.0,-3.652966022491455,6.077509880065918
IMG-5E300BF54E,R1,A,9568,0,0,0.0,0.0,-3.651038408279419,5.9211273193359375
IMG-C5085CA1DF,R1,A,8952,0,0,0.0,0.0,-2.6977553367614746,5.875425338745117
IMG-0B34BD3AA7,R1,A,12560,0,0,0.0,0.0,-2.8389835357666016,6.50382661819458
IMG-8C5F8FE3F9,R1,B,3320,0,0,0.0,0.0,-2.28505277633667,6.946469306945801
IMG-4DA2D1C308,R1,A,12141,0,0,0.0,0.0,-3.3745975494384766,8.71642017364502
IMG-8E80801B31,R1,A,6810,0,0,0.0,0.0,-2.5869758129119873,4.807189464569092
IMG-218FC1F5F4,R1,A,7112,0,1,0.0,0.00014060742407199101,-2.479530096054077,11.800074577331543
IMG-6503C91771,R1,A,35629,0,0,0.0,0.0,-2.4809446334838867,3.88984751701355
IMG-D53B868EF7,R1,A,12042,0,0,0.0,0.0,-3.180760145187378,5.6096296310424805
IMG-23A3E837DC,R1,A,2449,0,0,0.0,0.0,-2.752279281616211,3.8481976985931396
IMG-35D313D7F9,R1,A,7364,0,0,0.0,0.0,-2.732856273651123,9.055174827575684
IMG-C9A32358E2,R1,A,26258,0,0,0.0,0.0,-2.874528408050537,5.740035533905029
IMG-106976E8BB,R1,A,336,0,0,0.0,0.0,-2.838860034942627,3.5614233016967773
IMG-73EC16A018,R1,A,13344,0,0,0.0,0.0,-3.0028297901153564,5.93422269821167
IMG-ABE2BDFA58,R1,A,4239,0,0,0.0,0.0,-3.2684128284454346,6.028372764587402
IMG-F0A26B5AD7,R1,B,2232,0,0,0.0,0.0,-2.9802963733673096,7.748721122741699
IMG-70A9D26F9D,R1,A,26227,0,0,0.0,0.0,-3.8640239238739014,4.0843329429626465
IMG-6E71728D0A,R1,A,2693,0,0,0.0,0.0,-3.113300085067749,3.989490032196045
IMG-23A7063684,R1,A,8709,0,0,0.0,0.0,-2.962493419647217,6.965871334075928
IMG-35F9CC61BB,R1,A,3010,0,0,0.0,0.0,-2.0925328731536865,7.483311176300049
IMG-40F7945830,R1,A,11684,0,0,0.0,0.0,-3.0638809204101562,7.151946067810059
IMG-C218426CD0,R1,B,5802,0,0,0.0,0.0,-2.5637965202331543,4.632112979888916
IMG-86B97F5EA4,R1,A,10173,0,0,0.0,0.0,-3.6732521057128906,5.678915500640869
IMG-C96DEADDCC,R1,A,10190,0,0,0.0,0.0,-2.67055606842041,5.043276309967041
IMG-2B3A14E938,R1,A,12050,0,0,0.0,0.0,-2.554124116897583,3.937161684036255
IMG-37C5D4CCC7,R1,B,8035,0,0,0.0,0.0,-2.661747455596924,5.989364147186279
IMG-FE813C1D2A,R1,A,12213,0,0,0.0,0.0,-3.060969352722168,3.8917393684387207
IMG-4A7EB02AA5,R1,A,1199,0,0,0.0,0.0,-3.0115251541137695,4.974211692810059
IMG-75AAF241EB,R1,A,17045,0,0,0.0,0.0,-2.773812770843506,7.936975479125977
IMG-F3334A786F,R1,A,30769,0,0,0.0,0.0,-3.936915159225464,8.870110511779785
IMG-DCC1092F1A,R1,B,7279,0,0,0.0,0.0,-2.6484713554382324,7.65282678604126
IMG-221E334705,R1,A,10149,0,0,0.0,0.0,-4.541204452514648,7.521364212036133
IMG-F23C8BACCE,R1,A,14056,0,0,0.0,0.0,-3.671008586883545,5.964622497558594
IMG-EB5661F755,R1,A,6336,0,0,0.0,0.0,-2.4026551246643066,5.031501293182373
IMG-08DAD293D8,R1,A,15288,0,0,0.0,0.0,-3.201645612716675,7.521402835845947
IMG-AF33632FA3,R1,A,11688,0,0,0.0,0.0,-2.8024656772613525,4.0667524337768555
IMG-C0A4DCF961,R1,A,5908,0,0,0.0,0.0,-3.178204298019409,4.870920181274414
IMG-E1FBDC8477,R1,A,3088,0,0,0.0,0.0,-3.6043105125427246,6.203281879425049
IMG-4058D9DB94,R1,A,11922,0,0,0.0,0.0,-3.0538594722747803,7.45552921295166
IMG-541979D707,R1,A,6673,0,0,0.0,0.0,-2.3930275440216064,5.015234470367432
IMG-A13984FE9F,R1,A,3385,0,0,0.0,0.0,-2.9139647483825684,4.074934005737305
IMG-101973A652,R1,A,32122,0,0,0.0,0.0,-3.3058831691741943,6.581955432891846
IMG-1C3C176B7E,R1,A,29004,0,0,0.0,0.0,-3.407536268234253,5.304192066192627
IMG-964D61E27E,R1,A,6544,0,0,0.0,0.0,-3.8419110774993896,7.664958477020264
IMG-570F46402F,R1,A,4781,0,0,0.0,0.0,-2.244372844696045,3.3034846782684326
IMG-94107097DD,R1,A,2381,0,0,0.0,0.0,-2.403841257095337,4.1344313621521
IMG-2DB6A42D34,R1,B,34009,0,0,0.0,0.0,-3.787397861480713,4.285475254058838
IMG-0814039810,R1,B,4279,0,0,0.0,0.0,-2.076821804046631,2.795363426208496
IMG-DA89543CFA,R1,B,2975,0,0,0.0,0.0,-3.07433819770813,6.445945739746094
IMG-0787FFA7F8,R1,B,5466,0,0,0.0,0.0,-2.644014596939087,5.103144645690918
IMG-B47DA09A33,R1,A,4789,0,0,0.0,0.0,-3.216200590133667,4.350142478942871
IMG-738CD2503A,R1,B,10138,0,0,0.0,0.0,-4.067562103271484,6.676634788513184
IMG-FAEB995D60,R1,B,6679,0,0,0.0,0.0,-2.630093812942505,5.694375991821289
IMG-CE3932CEDA,R1,A,4043,0,0,0.0,0.0,-3.447329521179199,4.917032241821289
IMG-0BB0F6A309,R1,A,9940,0,0,0.0,0.0,-2.9744043350219727,2.5597314834594727
IMG-59B11B70B9,R1,A,36774,0,0,0.0,0.0,-2.3346261978149414,3.9884865283966064
IMG-66019C89DD,R1,A,15232,0,0,0.0,0.0,-2.8443570137023926,8.194435119628906
IMG-F23954A266,R1,B,2265,0,0,0.0,0.0,-2.763230085372925,6.144297122955322
IMG-01DD783D86,R1,B,12897,0,0,0.0,0.0,-3.066382646560669,5.456593036651611
IMG-9100D2E107,R1,A,2047,0,0,0.0,0.0,-3.0440385341644287,4.597882270812988
IMG-034CE1BDA5,R1,B,9843,0,0,0.0,0.0,-4.3492913246154785,5.196190357208252
IMG-D523C1CE5F,R1,B,9865,0,0,0.0,0.0,-2.4799439907073975,6.391969680786133
IMG-C645016C68,R1,A,12595,0,0,0.0,0.0,-3.434466600418091,5.005199909210205
IMG-4091F4CA78,R1,B,76659,0,0,0.0,0.0,-3.426624298095703,10.674722671508789
IMG-CCF0A985CA,R1,B,6917,0,0,0.0,0.0,-4.408227443695068,8.896653175354004
IMG-07E4A4F88B,R1,B,3242,0,0,0.0,0.0,-2.4495508670806885,5.45009708404541
IMG-983E2BC02B,R1,A,17873,0,0,0.0,0.0,-2.8921470642089844,4.184373378753662
IMG-59057F2048,R1,A,8229,0,0,0.0,0.0,-3.175924062728882,5.299850940704346
IMG-08D009EB7E,R1,B,11281,0,0,0.0,0.0,-2.9373631477355957,8.715660095214844
IMG-8A3B5398AB,R1,A,3957,0,0,0.0,0.0,-3.521270513534546,3.491588592529297
IMG-95A4895ACC,R1,B,4379,0,0,0.0,0.0,-2.7045581340789795,2.597630262374878
IMG-00364F760E,R1,A,4421,0,0,0.0,0.0,-2.490644931793213,4.492012023925781
IMG-B5F9077483,R1,A,23404,0,0,0.0,0.0,-3.649907112121582,9.043785095214844
IMG-BC8AB8F6A4,R1,A,1514,0,0,0.0,0.0,-2.0723211765289307,4.073947429656982
IMG-C435FCF270,R1,A,612,0,0,0.0,0.0,-2.1588196754455566,4.807082653045654
IMG-BA39BCD54C,R1,A,41632,0,0,0.0,0.0,-2.400144338607788,3.7507011890411377
IMG-D79FE4D26B,R1,A,15117,0,0,0.0,0.0,-2.3755457401275635,6.8838582038879395
IMG-B658BE7023,R1,A,4709,0,0,0.0,0.0,-3.2683396339416504,5.212864398956299
IMG-18C718D733,R1,A,3806,0,0,0.0,0.0,-2.94321346282959,6.3894805908203125
IMG-CEF96B0BDF,R1,A,45829,0,0,0.0,0.0,-3.0885279178619385,6.51701021194458
IMG-90698FE536,R1,A,5284,0,0,0.0,0.0,-3.0747594833374023,7.217895984649658
IMG-F48A5C5E70,R1,A,13051,0,0,0.0,0.0,-3.9819276332855225,5.078188896179199
IMG-ADCAE30DC9,R1,A,11978,0,0,0.0,0.0,-2.309062957763672,3.1981728076934814
IMG-83DFD06BCD,R1,A,1406,0,0,0.0,0.0,-3.6157379150390625,5.232663631439209
IMG-5475217B6F,R1,A,4472,0,0,0.0,0.0,-3.472001791000366,3.6011264324188232
IMG-532247ECE5,R1,A,6873,0,0,0.0,0.0,-2.8425211906433105,4.40139102935791
IMG-45C8FC8645,R1,A,36451,0,0,0.0,0.0,-3.0491816997528076,4.488584995269775
IMG-056BB79AE2,R1,A,5066,0,0,0.0,0.0,-2.2615959644317627,3.7905378341674805
IMG-048378B0B0,R1,A,6677,0,0,0.0,0.0,-3.159553050994873,5.849870204925537
IMG-5B62E67F31,R1,A,13266,0,0,0.0,0.0,-3.65993332862854,5.230799198150635
IMG-C2D5185F71,R1,A,5640,0,0,0.0,0.0,-3.2219290733337402,6.642674446105957
IMG-FDD88D02F4,R1,A,5175,0,0,0.0,0.0,-3.7695505619049072,5.534820556640625
IMG-ECE86CBFCB,R1,A,5636,0,0,0.0,0.0,-2.8643765449523926,5.1298418045043945
IMG-ECE86CBFCB,R2,A,17768,0,0,0.0,0.0,-2.894453287124634,6.412460803985596
IMG-3E95C8DB0D,R1,A,6569,0,0,0.0,0.0,-3.201566219329834,6.0038018226623535
IMG-25FD3B5DE5,R1,A,26548,0,0,0.0,0.0,-2.2636849880218506,5.903226375579834
IMG-52C0E1D917,R1,A,12292,0,0,0.0,0.0,-2.8025588989257812,4.154844760894775
IMG-D898F4BC7F,R1,A,23975,0,0,0.0,0.0,-3.5318808555603027,4.678953170776367
IMG-71A92C854C,R1,A,1583,0,0,0.0,0.0,-3.3399386405944824,3.7982289791107178
IMG-3B44EA9EDA,R1,A,5743,0,0,0.0,0.0,-3.2534027099609375,4.2537736892700195
IMG-1443F6A23F,R1,A,6811,0,0,0.0,0.0,-3.870845079421997,4.486343860626221
IMG-B28B26956D,R1,A,19656,0,0,0.0,0.0,-3.523935079574585,6.59203577041626
IMG-99E65D7E1C,R1,A,20797,0,0,0.0,0.0,-2.2729763984680176,3.691322088241577
IMG-4BE13F4E13,R1,A,2611,0,0,0.0,0.0,-2.4938409328460693,5.908897399902344
IMG-4884AB4AC8,R1,B,3360,0,0,0.0,0.0,-2.4368276596069336,5.873565196990967
IMG-D31CF4ABF7,R1,A,7429,0,0,0.0,0.0,-2.4112682342529297,2.8098604679107666
IMG-D31CF4ABF7,R2,A,5997,0,0,0.0,0.0,-3.023524284362793,3.7150676250457764
IMG-34BFEBF375,R1,A,7222,0,0,0.0,0.0,-3.0331411361694336,4.7315802574157715
IMG-71847CEE34,R1,A,5737,0,0,0.0,0.0,-3.4918293952941895,4.8665547370910645
IMG-71847CEE34,R2,A,16697,0,0,0.0,0.0,-3.144970417022705,6.038033485412598
IMG-5DAF53AF3D,R1,A,5171,0,0,0.0,0.0,-3.65286922454834,5.459305286407471
IMG-61633188FB,R1,A,3783,0,0,0.0,0.0,-2.9519290924072266,5.597225189208984
IMG-BF73322C5C,R1,A,11278,0,0,0.0,0.0,-4.425297737121582,6.23980712890625
IMG-D3F91516C3,R1,A,45489,0,0,0.0,0.0,-2.768975019454956,3.2814977169036865
IMG-31AB090078,R1,A,12077,0,0,0.0,0.0,-3.095275402069092,5.998233318328857
IMG-E89EC378B1,R1,A,4450,0,0,0.0,0.0,-3.1953177452087402,4.838779926300049
IMG-F3EC7019ED,R1,B,13014,0,0,0.0,0.0,-3.0802571773529053,3.9380042552948
IMG-560A2D2807,R1,A,6979,0,0,0.0,0.0,-2.91434907913208,4.814947128295898
IMG-65C0968A2E,R1,A,4561,0,0,0.0,0.0,-3.3925833702087402,5.20311975479126
IMG-7E917C3EC5,R1,A,7669,0,0,0.0,0.0,-4.176241874694824,5.12123441696167
IMG-200CA22DBE,R1,A,5851,0,0,0.0,0.0,-3.3478188514709473,7.907208442687988
IMG-CEDD7846C8,R1,A,3765,0,0,0.0,0.0,-2.352623224258423,4.550987243652344
IMG-70D081DD25,R1,A,5279,0,0,0.0,0.0,-2.703960418701172,3.4320671558380127
IMG-6685A85474,R1,A,11987,0,0,0.0,0.0,-3.1082603931427,4.9953932762146
IMG-55BC476FD3,R1,A,65491,0,0,0.0,0.0,-2.8056442737579346,4.944365501403809
IMG-F1FDCA2F9F,R1,A,14352,0,0,0.0,0.0,-3.041123390197754,5.665422439575195
IMG-F559EB0574,R1,A,4526,0,0,0.0,0.0,-3.2932021617889404,5.7771453857421875
IMG-94DF99FE42,R1,A,2316,0,0,0.0,0.0,-3.18778133392334,5.157080173492432
IMG-0471D6CDD7,R1,A,18576,0,0,0.0,0.0,-3.0326859951019287,5.173378944396973
IMG-16B74920F6,R1,A,5626,0,0,0.0,0.0,-2.7137718200683594,6.1885600090026855
IMG-3BC56FB663,R1,A,5474,0,0,0.0,0.0,-2.902324676513672,3.715153932571411
IMG-A7A1E7C01F,R1,A,10657,0,0,0.0,0.0,-3.701700210571289,5.8298163414001465
IMG-4DCF788A79,R1,A,1604,0,0,0.0,0.0,-2.69427752494812,3.8429102897644043
IMG-31794FC2B5,R1,A,6484,0,0,0.0,0.0,-3.4266672134399414,3.885709762573242
IMG-182FA24923,R1,A,5717,0,0,0.0,0.0,-2.7936294078826904,5.468774318695068
IMG-182FA24923,R2,A,9166,0,0,0.0,0.0,-2.4402904510498047,6.289768218994141
IMG-84841D4C1F,R1,A,7121,0,0,0.0,0.0,-3.2029855251312256,5.518716335296631
IMG-8CA328DB7E,R1,A,7985,0,0,0.0,0.0,-3.7624571323394775,5.659243106842041
IMG-825C59B3C8,R2,A,20291,0,0,0.0,0.0,-2.7284348011016846,5.035046100616455
IMG-5A2D81D110,R1,A,17629,0,0,0.0,0.0,-3.9482622146606445,7.38437557220459
IMG-43B8CB3C00,R1,A,12877,0,0,0.0,0.0,-2.6914567947387695,6.110976696014404
IMG-84EC128C44,R1,A,11841,0,0,0.0,0.0,-2.945887565612793,5.151122570037842
IMG-CE5F36D2D1,R1,A,6312,0,0,0.0,0.0,-2.838540554046631,5.257107257843018
IMG-B1DBEB52F4,R1,A,21919,0,0,0.0,0.0,-2.996121406555176,4.887693881988525
IMG-B1DBEB52F4,R2,A,50045,0,0,0.0,0.0,-3.0082032680511475,4.484027862548828
IMG-825C59B3C8,R1,A,17490,0,0,0.0,0.0,-2.811976432800293,3.581268548965454
IMG-51BE456A2B,R1,A,10803,0,0,0.0,0.0,-2.7381114959716797,5.456220626831055
IMG-347471A6EE,R1,A,8737,0,0,0.0,0.0,-2.91066575050354,6.413649082183838
IMG-752909BDF6,R1,A,2260,0,0,0.0,0.0,-2.467301845550537,6.17214822769165
IMG-0FDE88947B,R1,A,12182,0,0,0.0,0.0,-3.2945635318756104,5.340619087219238
IMG-B7F11D3A36,R1,A,3123,0,0,0.0,0.0,-2.8929836750030518,6.3372802734375
IMG-F279B634FE,R1,A,40084,0,0,0.0,0.0,-3.2991888523101807,6.061858654022217
IMG-3AD28CABC8,R1,A,9175,0,0,0.0,0.0,-3.1666452884674072,5.6913580894470215
IMG-3C999F5A73,R1,A,5095,0,0,0.0,0.0,-3.3136823177337646,4.709127426147461
IMG-31A6F1A42B,R1,A,6070,0,0,0.0,0.0,-3.106442451477051,5.735774993896484
IMG-1252F541E2,R1,A,13783,0,0,0.0,0.0,-3.1675095558166504,6.055990219116211
IMG-1B4D6270C0,R1,A,8462,0,0,0.0,0.0,-3.670358180999756,7.7857136726379395
IMG-14459C284D,R1,A,6272,0,0,0.0,0.0,-2.8358113765716553,5.77077054977417
IMG-E0E0FAFD6E,R1,A,52450,0,0,0.0,0.0,-2.7154386043548584,3.9501800537109375
IMG-BA54202DCF,R1,A,8363,0,0,0.0,0.0,-3.0710248947143555,4.760328769683838
IMG-6FB428CEA6,R1,A,7212,0,0,0.0,0.0,-3.1751976013183594,3.9804325103759766
IMG-A7715CCF71,R1,A,2637,0,0,0.0,0.0,-2.7835500240325928,6.680549621582031
IMG-5D365168EC,R1,A,2192,0,0,0.0,0.0,-3.1002118587493896,5.72637414932251
IMG-2B954DE3B9,R1,A,9602,0,0,0.0,0.0,-3.1956684589385986,5.949091911315918
IMG-DF695B7893,R1,A,1061,0,0,0.0,0.0,-3.9153690338134766,3.9417004585266113
IMG-24A0E13BBA,R1,A,25080,0,0,0.0,0.0,-3.506596088409424,7.788887023925781
IMG-72F57C8B9D,R1,A,1682,0,0,0.0,0.0,-3.7641172409057617,4.81278133392334
IMG-72F57C8B9D,R2,A,3642,0,0,0.0,0.0,-2.7825722694396973,6.694888114929199
IMG-1D973558E3,R1,A,10645,0,0,0.0,0.0,-2.7661614418029785,3.5640759468078613
IMG-F8825C15D4,R1,A,14477,0,0,0.0,0.0,-3.5316240787506104,5.038874626159668
IMG-F8825C15D4,R2,A,15952,0,0,0.0,0.0,-3.598456859588623,7.231689453125
IMG-F3F3B02567,R1,A,10386,0,0,0.0,0.0,-3.2889010906219482,6.636585235595703
IMG-F722D1867D,R1,A,3689,0,0,0.0,0.0,-3.429973840713501,3.8233299255371094
IMG-4AC55E7DF0,R1,B,5559,0,0,0.0,0.0,-3.7341747283935547,5.536118030548096
IMG-B43CAB599F,R1,A,6248,0,0,0.0,0.0,-2.135178804397583,4.156192302703857
IMG-ED52B7F24B,R1,A,7630,0,0,0.0,0.0,-2.9567947387695312,6.035699367523193
IMG-0A000C0269,R1,A,3101,0,0,0.0,0.0,-2.3290627002716064,3.976747512817383
IMG-CF992A7163,R1,A,2003,0,0,0.0,0.0,-3.0016140937805176,4.359199047088623
IMG-E144DDC3AE,R1,A,3021,0,0,0.0,0.0,-3.178088426589966,5.164872169494629
IMG-08E659F23A,R1,A,7946,0,0,0.0,0.0,-2.4892735481262207,4.816257476806641
IMG-1A71CBBE7D,R1,A,6837,0,0,0.0,0.0,-3.037935733795166,6.194410800933838
IMG-EDE71F65A0,R1,A,5441,0,0,0.0,0.0,-2.9006733894348145,4.139965534210205
IMG-2E8214BE2B,R1,A,2187,0,0,0.0,0.0,-3.2699384689331055,4.025203704833984
IMG-90A2CAF22A,R1,A,30808,0,0,0.0,0.0,-3.2524783611297607,7.707362174987793
IMG-1AEFA3EFE6,R1,A,13031,0,0,0.0,0.0,-3.40372371673584,6.432663917541504
IMG-DA4569F340,R1,A,7591,0,0,0.0,0.0,-2.6939587593078613,3.98028826713562
IMG-9363DDA9D9,R1,A,8779,0,0,0.0,0.0,-3.5730209350585938,5.069653511047363
IMG-FB631A79B3,R1,A,6108,0,0,0.0,0.0,-2.9950525760650635,6.423905849456787
IMG-5499170604,R1,A,944,0,0,0.0,0.0,-3.3643639087677,2.5760715007781982
IMG-E9EDC2335C,R1,A,12200,0,0,0.0,0.0,-3.3080008029937744,4.097805500030518
IMG-4D0EB0D8B3,R1,A,3639,0,0,0.0,0.0,-2.87941312789917,4.151057720184326
IMG-3A7BB45B2B,R1,A,2963,0,0,0.0,0.0,-5.586805820465088,4.617379188537598
IMG-41F869FACD,R1,A,1645,0,0,0.0,0.0,-3.3938562870025635,3.685120105743408
IMG-BF18EB6B25,R1,A,4920,0,0,0.0,0.0,-3.4903199672698975,4.442201614379883
IMG-DA4569F340,R2,A,14748,0,0,0.0,0.0,-2.5084421634674072,5.370188236236572
IMG-72D76DF319,R1,A,104260,0,0,0.0,0.0,-3.2770297527313232,7.23325777053833
IMG-49ADFFE3F2,R1,A,8013,0,0,0.0,0.0,-2.5202159881591797,4.980654716491699
IMG-F86458F022,R1,A,31641,0,0,0.0,0.0,-2.570465564727783,3.106067657470703
IMG-B0E51AD8F2,R1,A,11151,0,0,0.0,0.0,-2.82906174659729,8.97850227355957
IMG-1D3C0F8FA0,R1,A,4448,0,0,0.0,0.0,-3.7064731121063232,4.892452716827393
IMG-9739F308BF,R1,A,11598,0,0,0.0,0.0,-2.9591026306152344,8.06904411315918
IMG-B59F8E0050,R1,A,6684,0,0,0.0,0.0,-3.415058135986328,4.800119400024414
IMG-E518F85E8B,R1,A,9396,0,0,0.0,0.0,-2.8616862297058105,3.5680243968963623
IMG-7779039B4D,R1,A,1541,0,0,0.0,0.0,-2.6345770359039307,7.058751106262207
IMG-6DD5C1D207,R1,A,9412,0,0,0.0,0.0,-3.212703227996826,3.0322625637054443
IMG-12B96F8D2D,R1,A,5509,0,0,0.0,0.0,-2.614665985107422,7.401941299438477
IMG-FF9305570E,R1,A,12116,0,0,0.0,0.0,-3.6946005821228027,5.928529262542725
IMG-A94AF0E2B7,R1,A,6252,0,0,0.0,0.0,-2.8903563022613525,6.506750583648682
IMG-8BF8DD5DE4,R1,A,10399,0,0,0.0,0.0,-2.9451467990875244,4.538468360900879
IMG-8BF8DD5DE4,R2,A,16355,0,0,0.0,0.0,-2.9530839920043945,5.521054744720459
IMG-16B3264BD9,R1,A,2937,0,0,0.0,0.0,-2.761584758758545,3.6989524364471436
IMG-16B3264BD9,R2,A,4256,0,0,0.0,0.0,-3.0543107986450195,6.044413089752197
IMG-46D9CAD894,R1,A,1447,0,0,0.0,0.0,-3.3622422218322754,6.322497367858887
IMG-D912BD7931,R1,A,6854,0,0,0.0,0.0,-3.4905104637145996,4.618799686431885
IMG-A3C8C2DD06,R1,A,8833,0,0,0.0,0.0,-3.1192376613616943,6.855265140533447
IMG-6F0D79FD2F,R1,A,5435,0,0,0.0,0.0,-3.463796615600586,4.867339611053467
IMG-9CAFFB700F,R1,A,11766,0,0,0.0,0.0,-2.51253080368042,4.956684589385986
IMG-34B5A93F0D,R1,A,39812,0,0,0.0,0.0,-3.0627379417419434,5.693789958953857
IMG-34B5A93F0D,R2,A,26840,0,0,0.0,0.0,-3.689059257507324,8.250568389892578
IMG-D1AF77C161,R1,A,21406,0,0,0.0,0.0,-1.8957748413085938,3.207670211791992
IMG-9F1071F4E8,R1,A,17514,0,0,0.0,0.0,-2.2910501956939697,2.9052507877349854
IMG-66B4D4AA09,R1,A,7474,0,0,0.0,0.0,-3.081901788711548,5.760701656341553
IMG-2D53CE5376,R1,A,14468,0,0,0.0,0.0,-3.529653787612915,6.333990097045898
IMG-FAF6535602,R1,A,12873,0,0,0.0,0.0,-3.001784086227417,5.129961967468262
IMG-E90D2F9CF7,R1,A,6799,0,0,0.0,0.0,-2.443997621536255,3.655211925506592
IMG-5257F0B748,R1,A,3050,0,0,0.0,0.0,-3.3740806579589844,3.8870956897735596
IMG-C870A6AC1C,R1,A,31192,0,0,0.0,0.0,-2.370056390762329,5.250467777252197
IMG-30F089654C,R1,A,25878,0,0,0.0,0.0,-3.675291061401367,5.712194442749023
IMG-7D9C529BB1,R1,A,11945,0,0,0.0,0.0,-3.615222454071045,5.5298357009887695
IMG-22AD8047D7,R1,B,2324,0,0,0.0,0.0,-2.236406087875366,6.296342372894287
IMG-9C7F306FC4,R1,A,5057,0,0,0.0,0.0,-3.3901138305664062,4.614394187927246
IMG-D6AD15F9D9,R1,A,37716,0,0,0.0,0.0,-3.3991010189056396,5.709631443023682
IMG-893073F906,R1,A,10817,0,0,0.0,0.0,-2.9864280223846436,3.11051344871521
IMG-893073F906,R2,A,17359,0,0,0.0,0.0,-2.876084566116333,4.37841272354126
IMG-3C4E938C01,R1,A,74820,0,0,0.0,0.0,-3.58375883102417,7.325226783752441
IMG-674546F2D1,R1,A,14065,0,0,0.0,0.0,-2.4461019039154053,2.9969897270202637
IMG-27DA8AE9DB,R1,A,8490,0,0,0.0,0.0,-3.489572525024414,5.504636764526367
IMG-BE686C84B9,R1,A,5478,0,0,0.0,0.0,-2.4947779178619385,4.633474349975586
IMG-EE9195B25E,R1,A,15011,0,0,0.0,0.0,-3.1913013458251953,5.878376483917236
IMG-EE9195B25E,R2,A,22468,0,0,0.0,0.0,-2.7271134853363037,9.619894027709961
IMG-1719460986,R1,A,13034,0,0,0.0,0.0,-2.7039287090301514,4.141090393066406
IMG-A58F224B6A,R1,A,12235,0,0,0.0,0.0,-3.9414517879486084,5.82688570022583
IMG-27788B86F7,R1,A,25583,0,0,0.0,0.0,-3.698199510574341,8.25375747680664
IMG-29AA4080A4,R1,A,1199,0,0,0.0,0.0,-3.0022332668304443,4.9872822761535645
IMG-41987B3798,R1,A,25009,0,0,0.0,0.0,-3.1623103618621826,4.744539737701416
IMG-96B898FDD0,R1,A,9184,0,0,0.0,0.0,-3.375882148742676,5.810719013214111
IMG-5CBD2CD4FB,R1,A,13585,0,0,0.0,0.0,-3.3871803283691406,7.62924861907959
IMG-C8339050B2,R1,A,24700,0,0,0.0,0.0,-3.0025570392608643,6.523001670837402
IMG-3F82CE680D,R1,A,8073,0,0,0.0,0.0,-3.4000661373138428,3.4038071632385254
IMG-7B7968A0EB,R1,A,8289,0,0,0.0,0.0,-3.2650158405303955,5.444918632507324
IMG-49DD8ACE53,R1,A,3537,0,0,0.0,0.0,-2.660670518875122,6.063255786895752
IMG-73F9CFC758,R1,A,6673,0,0,0.0,0.0,-2.120513916015625,4.008166313171387
IMG-91F93A3B3A,R1,A,4240,0,0,0.0,0.0,-2.799527645111084,4.795340538024902
IMG-C580B44D18,R1,A,6420,0,0,0.0,0.0,-3.297536611557007,5.604050636291504
IMG-BC631D0348,R1,A,1774,0,0,0.0,0.0,-3.5314321517944336,4.073144435882568
IMG-96DA5E8EEE,R1,A,12186,0,0,0.0,0.0,-3.1641976833343506,5.209289073944092
IMG-D488A0943C,R1,A,3544,0,0,0.0,0.0,-3.049053907394409,3.983726739883423
IMG-7D01A47448,R1,A,4388,0,0,0.0,0.0,-3.1735923290252686,3.8511476516723633
IMG-D2B5AD3D4B,R1,A,11564,0,0,0.0,0.0,-2.4818685054779053,3.2505643367767334
IMG-A24EA009DC,R1,A,5433,0,0,0.0,0.0,-1.4343948364257812,4.543189525604248
IMG-859B16287A,R1,A,37721,0,0,0.0,0.0,-2.254441022872925,4.905216693878174
IMG-42499E799F,R1,A,10325,0,0,0.0,0.0,-3.5561790466308594,5.588611602783203
IMG-EF83CC90EA,R1,A,9130,0,0,0.0,0.0,-2.842186689376831,5.870494365692139
IMG-8EEB6CF0C6,R1,B,5358,0,0,0.0,0.0,-2.6077451705932617,4.213225841522217
IMG-EC52437D3C,R1,A,5421,0,0,0.0,0.0,-2.9639415740966797,5.958271503448486
IMG-64AD3367A4,R1,B,4452,0,0,0.0,0.0,-2.9448983669281006,5.342486381530762
IMG-7F7DF99354,R1,B,29382,0,0,0.0,0.0,-3.2372918128967285,9.042990684509277
IMG-60A9582A2E,R1,A,10038,0,0,0.0,0.0,-3.170492172241211,5.485612392425537
IMG-4143CC5E40,R1,A,3005,0,0,0.0,0.0,-3.2685911655426025,3.6141366958618164
IMG-32C3789F8C,R1,A,21899,0,0,0.0,0.0,-3.473193883895874,4.997736930847168
IMG-25F70C24EB,R1,A,8689,0,0,0.0,0.0,-3.444166421890259,7.247559070587158
IMG-C55B8DDEA7,R1,A,14458,0,0,0.0,0.0,-2.675832986831665,4.675734043121338
IMG-35E5834CF7,R1,A,13896,0,0,0.0,0.0,-3.2692711353302,6.127039432525635
IMG-7A14B18C9E,R1,A,15509,0,0,0.0,0.0,-3.710996150970459,7.303593635559082
IMG-F0956FF68B,R1,A,8375,0,0,0.0,0.0,-3.2434983253479004,8.660728454589844
IMG-ACAA7C268F,R1,A,7724,0,0,0.0,0.0,-2.69085955619812,4.982085704803467
IMG-D487331940,R1,A,25883,0,0,0.0,0.0,-2.902036428451538,4.124440670013428
IMG-EE852B744D,R1,A,10140,0,0,0.0,0.0,-4.894198417663574,6.873867511749268
IMG-9439522F90,R1,B,705,0,0,0.0,0.0,-3.7275989055633545,3.918104410171509
IMG-040E40FBD4,R1,A,15645,0,0,0.0,0.0,-4.114875793457031,5.495135307312012
IMG-5DD43F3C7F,R1,A,6692,0,0,0.0,0.0,-3.1806769371032715,3.282463312149048
IMG-B759B36680,R1,B,6224,0,0,0.0,0.0,-3.3129096031188965,5.837017059326172
IMG-003F30CAA4,R1,A,6300,0,0,0.0,0.0,-2.9309072494506836,4.976062297821045
IMG-6574AB037F,R1,A,25523,0,0,0.0,0.0,-3.3168773651123047,6.970398902893066
IMG-51E5F6AA41,R1,A,963,0,0,0.0,0.0,-2.437976121902466,4.870278835296631
IMG-95AB59986D,R1,B,6809,0,0,0.0,0.0,-3.887894630432129,4.3432817459106445
IMG-24C5C9BAAF,R1,B,3285,0,0,0.0,0.0,-3.902726173400879,4.776297569274902
IMG-D3D088F0BC,R1,B,20502,0,0,0.0,0.0,-4.853415489196777,4.211977958679199
IMG-133719FACA,R1,B,5331,0,0,0.0,0.0,-3.362055778503418,6.017375946044922
IMG-2F4DE42078,R1,B,6115,0,0,0.0,0.0,-2.8432836532592773,4.830196857452393
IMG-B02F4AEACF,R1,A,16299,0,0,0.0,0.0,-3.2787091732025146,5.904776573181152
IMG-136CD698F6,R1,A,9142,0,0,0.0,0.0,-3.304560661315918,6.518122673034668
IMG-44D24E8682,R1,A,15344,0,0,0.0,0.0,-2.728201389312744,6.224236011505127
IMG-829951450E,R1,A,7715,0,0,0.0,0.0,-3.484945297241211,4.914599418640137
IMG-1420B80C94,R1,A,15894,0,0,0.0,0.0,-3.4513790607452393,6.225520610809326
IMG-D17787F368,R1,A,7899,0,0,0.0,0.0,-3.2275712490081787,5.2240729331970215
IMG-6A6E7345DD,R1,A,6370,0,0,0.0,0.0,-2.775779962539673,5.9444708824157715
IMG-A61365F1DA,R1,B,5862,0,0,0.0,0.0,-4.191213607788086,4.907123565673828
IMG-3731863B90,R1,A,14015,0,0,0.0,0.0,-2.5406010150909424,3.477508068084717
IMG-E4B4443897,R1,B,4271,0,0,0.0,0.0,-3.4312288761138916,4.861374378204346
IMG-271E81241A,R1,A,4857,0,0,0.0,0.0,-3.0298304557800293,6.047735214233398
IMG-8F0C09D99C,R1,A,4777,0,0,0.0,0.0,-3.2760369777679443,4.2090349197387695
IMG-8F0C09D99C,R2,A,6458,0,0,0.0,0.0,-3.2652337551116943,4.948423862457275
IMG-7F8152B0FE,R1,A,35313,0,0,0.0,0.0,-2.4762184619903564,3.7072155475616455
IMG-026475EAF6,R1,A,2375,0,0,0.0,0.0,-3.8069398403167725,5.368420600891113
IMG-F53B14FA52,R1,B,6611,0,0,0.0,0.0,-4.543813228607178,4.926347732543945
IMG-B4F88CD27B,R1,B,22413,1,0,4.461696336947308e-05,0.0,-6.06757926940918,5.360001564025879
IMG-A531957523,R1,A,24197,0,0,0.0,0.0,-3.0620784759521484,5.345519065856934
IMG-5B8FDFFA35,R1,A,113845,0,0,0.0,0.0,-4.540409088134766,9.019744873046875
IMG-BC73EF0E70,R1,A,3538,0,0,0.0,0.0,-4.105048179626465,4.521218299865723
IMG-F53B14FA52,R2,B,10539,0,0,0.0,0.0,-4.672546863555908,6.142895221710205
IMG-C0FE15B031,R1,B,15392,0,0,0.0,0.0,-5.497645378112793,7.586091041564941
IMG-2997B8DB4A,R1,B,8342,0,0,0.0,0.0,-4.078621864318848,6.686383247375488
IMG-2997B8DB4A,R2,B,17225,0,0,0.0,0.0,-4.61755895614624,6.936039447784424
IMG-02734B0906,R1,A,3751,0,0,0.0,0.0,-3.3102142810821533,3.5531163215637207
IMG-A7BAC44F4F,R1,A,8665,0,0,0.0,0.0,-2.8665924072265625,5.5063347816467285
IMG-A770337F54,R1,A,7965,0,0,0.0,0.0,-2.6590254306793213,5.033829212188721
IMG-EDA063D47C,R1,A,9337,0,0,0.0,0.0,-2.5980136394500732,6.455366134643555
IMG-EDA063D47C,R2,A,19156,0,0,0.0,0.0,-3.095614194869995,6.005398273468018
IMG-F2DB83A884,R1,A,87512,0,0,0.0,0.0,-3.2741310596466064,7.479335308074951
IMG-BDC28ECC96,R1,B,2324,0,0,0.0,0.0,-3.409245491027832,3.9906208515167236
IMG-C078D26AF1,R1,B,18284,4,0,0.0002187705097352877,0.0,-7.638198375701904,5.487419605255127
IMG-C078D26AF1,R2,B,26043,2,0,7.679606804131629e-05,0.0,-6.654123306274414,8.392661094665527
IMG-D316ED2AE7,R1,A,15638,0,0,0.0,0.0,-2.801804304122925,3.6171135902404785
IMG-5B04889B9C,R1,A,22188,0,0,0.0,0.0,-2.4799630641937256,5.601500511169434
IMG-999D48C03B,R1,A,13152,0,0,0.0,0.0,-3.687112808227539,5.758388042449951
IMG-B758864737,R1,B,8927,1,0,0.0001120197154699227,0.0,-5.957059383392334,4.854515075683594
IMG-B02B210E10,R1,A,7744,0,0,0.0,0.0,-2.692671537399292,4.182514667510986
IMG-DC114FA4AE,R1,A,4206,0,0,0.0,0.0,-3.5685372352600098,2.323608160018921
IMG-1559B21C16,R1,A,1529,0,0,0.0,0.0,-2.1839089393615723,4.342158794403076
IMG-0BBC1DBA30,R1,A,6760,0,0,0.0,0.0,-2.461285352706909,4.896997451782227
IMG-81BAB30FFD,R1,B,4646,0,0,0.0,0.0,-3.699620008468628,4.173128604888916
IMG-4A921E4293,R1,A,10525,0,0,0.0,0.0,-2.839090585708618,5.7085747718811035
IMG-AF5A3DA75D,R1,B,8498,0,0,0.0,0.0,-3.100003480911255,6.21977424621582
IMG-AF5A3DA75D,R2,B,10855,0,0,0.0,0.0,-2.950559377670288,6.257665634155273
IMG-0724525B82,R1,B,12726,0,0,0.0,0.0,-3.653559684753418,5.483548641204834
IMG-0724525B82,R2,B,12726,0,0,0.0,0.0,-4.128722667694092,5.231225490570068
IMG-CA6C8E1F88,R1,A,18234,0,0,0.0,0.0,-2.865084648132324,5.964738368988037
IMG-16345F7C92,R1,A,6320,0,0,0.0,0.0,-2.682405948638916,5.478775501251221
IMG-6EF0309785,R1,B,13016,0,0,0.0,0.0,-4.457238674163818,7.2960052490234375
IMG-E3DE672E9A,R1,A,12626,0,0,0.0,0.0,-3.5194923877716064,6.981865406036377
IMG-59287EDEA3,R1,A,7127,0,0,0.0,0.0,-3.1809592247009277,4.51137113571167
IMG-7350051976,R1,A,14682,0,0,0.0,0.0,-2.76859974861145,4.486156940460205
IMG-7350051976,R2,A,22325,0,0,0.0,0.0,-2.534548282623291,6.218305587768555
IMG-794CA41D2E,R1,A,7524,0,0,0.0,0.0,-3.076139211654663,5.327183246612549
IMG-C3D88A4552,R1,A,21312,0,0,0.0,0.0,-2.938382625579834,5.826223373413086
IMG-59A7CE2B0B,R1,B,8559,0,0,0.0,0.0,-2.9140028953552246,6.116877555847168
IMG-4950E13031,R1,A,11758,0,0,0.0,0.0,-3.0334689617156982,5.979869365692139
IMG-4950E13031,R2,A,17852,0,0,0.0,0.0,-2.889580488204956,7.084179401397705
IMG-7AAC6B118A,R1,B,1351,0,0,0.0,0.0,-3.902151346206665,4.206348419189453
IMG-B20E0545DD,R1,B,4584,0,0,0.0,0.0,-3.257141590118408,5.217167377471924
IMG-B20E0545DD,R2,B,8225,0,0,0.0,0.0,-3.7362561225891113,4.683285236358643
IMG-97AD05D8F7,R1,B,2996,0,0,0.0,0.0,-3.2755088806152344,6.116281032562256
IMG-6D0390E7BE,R1,A,4170,0,0,0.0,0.0,-3.0125722885131836,4.0665812492370605
IMG-4AD3CA120E,R1,B,11019,1,0,9.075233687267448e-05,0.0,-5.886249542236328,7.031803131103516
IMG-7EDF670349,R1,A,3905,0,0,0.0,0.0,-3.0370209217071533,4.940190315246582
IMG-5FF11A726D,R1,B,3856,0,0,0.0,0.0,-3.201831579208374,5.8246846199035645
IMG-9F88F07485,R1,A,12074,0,0,0.0,0.0,-3.165066957473755,7.664255619049072
IMG-AC65668A0C,R1,A,2226,0,0,0.0,0.0,-2.7899789810180664,4.345452308654785
IMG-760997B96F,R1,B,21387,0,0,0.0,0.0,-3.8335390090942383,2.9300310611724854
IMG-5F976A1C42,R1,B,10294,0,0,0.0,0.0,-3.3142738342285156,6.72231388092041
IMG-4BA22B0636,R1,A,25772,0,0,0.0,0.0,-4.367250442504883,5.303139686584473
IMG-CE8329F8FD,R1,A,9191,0,0,0.0,0.0,-3.8785107135772705,5.69281005859375
IMG-5273805902,R1,A,5051,0,0,0.0,0.0,-3.2462618350982666,5.128897190093994
IMG-DDCCF39CE2,R1,B,3548,0,0,0.0,0.0,-4.169326305389404,4.6965250968933105
IMG-B6580644D8,R1,A,3656,0,0,0.0,0.0,-3.830528974533081,5.585831642150879
IMG-A52BBA0DEA,R1,B,10902,0,0,0.0,0.0,-3.813450574874878,4.137333869934082
IMG-FACD90DDE5,R1,B,7210,0,0,0.0,0.0,-2.5431318283081055,6.005985736846924
IMG-14A74D9822,R1,A,2253,0,0,0.0,0.0,-3.401796579360962,5.5147786140441895
IMG-3082C0583E,R1,A,10771,0,0,0.0,0.0,-3.8107852935791016,4.745284080505371
IMG-2961286E3A,R1,B,2077,0,0,0.0,0.0,-3.9404213428497314,3.2335474491119385
IMG-1C70AC0454,R1,B,127465,0,0,0.0,0.0,-5.318432331085205,4.5246663093566895
IMG-E93CFC3B9B,R1,B,4939,0,0,0.0,0.0,-3.204576015472412,3.7771413326263428
IMG-967D2C803A,R1,A,16266,0,0,0.0,0.0,-3.4759788513183594,6.947827339172363
IMG-C9086F502A,R1,A,4885,0,0,0.0,0.0,-2.858776092529297,5.704432010650635
IMG-9B6A580D17,R1,A,2730,0,0,0.0,0.0,-2.8035836219787598,4.799765586853027
IMG-846A866488,R1,B,14848,0,0,0.0,0.0,-4.91688346862793,4.742120265960693
IMG-8B207B3A13,R1,A,2295,0,0,0.0,0.0,-3.185509204864502,3.781686305999756
IMG-ACD9E21F63,R1,A,6413,0,0,0.0,0.0,-2.901374578475952,4.323940277099609
IMG-56BF3EA7E6,R1,B,2943,0,0,0.0,0.0,-2.9656710624694824,3.1052134037017822
IMG-C0071AA076,R1,A,3493,0,0,0.0,0.0,-3.0235490798950195,5.3290557861328125
IMG-5F765AF8DE,R1,A,29219,0,0,0.0,0.0,-3.0130720138549805,6.0046186447143555
IMG-94BDA8126D,R1,B,10517,0,0,0.0,0.0,-4.074103355407715,6.718475818634033
IMG-7E6162871C,R1,B,2080,0,0,0.0,0.0,-3.420264959335327,7.814584255218506
IMG-7E3F7A9DEE,R1,B,1226,0,0,0.0,0.0,-2.884812116622925,3.2750489711761475
IMG-0B6CEA5D07,R1,A,8323,0,0,0.0,0.0,-4.432013034820557,6.533641815185547
IMG-8208486B8D,R1,B,9013,0,0,0.0,0.0,-3.3467037677764893,5.205442905426025
IMG-F6EA1B7C4B,R1,A,14709,0,0,0.0,0.0,-3.779111623764038,6.666051387786865
IMG-4BF8F12041,R1,B,15605,0,0,0.0,0.0,-5.467912197113037,4.232858180999756
IMG-AFA7764774,R1,B,28492,0,0,0.0,0.0,-4.021934986114502,6.199153900146484
IMG-65B601FAFB,R1,A,14756,0,0,0.0,0.0,-4.095636367797852,7.644263744354248
IMG-D22BCB77B8,R1,B,4957,0,0,0.0,0.0,-3.931584358215332,5.078958511352539
IMG-1D155C70C1,R1,A,4136,0,0,0.0,0.0,-2.8507654666900635,7.416281223297119
