feature,icc_before,n_pairs_x,icc_after,n_pairs_y,norm
original_shape_Elongation,0.4697598842624501,22,0.4689547866374632,22,muscle
original_shape_Flatness,0.616507232972749,22,0.6164846939503607,22,muscle
original_shape_LeastAxisLength,0.7669594053436322,22,0.7666994131226085,22,muscle
original_shape_MajorAxisLength,0.7644796519635452,22,0.763893924011041,22,muscle
original_shape_Maximum2DDiameterColumn,0.8211426819564499,22,0.8171174796830222,22,muscle
original_shape_Maximum2DDiameterRow,0.7385779235397708,22,0.7361909442434235,22,muscle
original_shape_Maximum2DDiameterSlice,0.6496447982144226,22,0.6490171098803964,22,muscle
original_shape_Maximum3DDiameter,0.739142709602197,22,0.7351858894546601,22,muscle
original_shape_MeshVolume,0.7283102577095294,22,0.7276336470154947,22,muscle
original_shape_MinorAxisLength,0.6657388317444173,22,0.6658781123848779,22,muscle
original_shape_Sphericity,0.5113266810893029,22,0.5100073449241029,22,muscle
original_shape_SurfaceArea,0.7442170545138365,22,0.7435556323002962,22,muscle
original_shape_SurfaceVolumeRatio,0.5015427142356769,22,0.4968251817341963,22,muscle
original_shape_VoxelVolume,0.7286509529434513,22,0.7279763517296081,22,muscle
original_firstorder_10Percentile,0.8253968253968254,22,0.8940361202984213,22,muscle
original_firstorder_90Percentile,0.8549954170485794,22,0.8869528324384963,22,muscle
original_firstorder_Energy,0.578206439411381,22,0.5803381958425478,22,muscle
original_firstorder_Entropy,0.7911720252588044,22,0.7917721937503202,22,muscle
original_firstorder_InterquartileRange,0.8053392658509456,22,0.8174317553459095,22,muscle
original_firstorder_Kurtosis,0.293368233240254,22,0.2958916013713994,22,muscle
original_firstorder_Maximum,0.5965360920609084,22,0.6595468198128721,22,muscle
original_firstorder_MeanAbsoluteDeviation,0.7869371544464203,22,0.8065790561924691,22,muscle
original_firstorder_Mean,0.8998989608081029,22,0.9279379958546399,22,muscle
original_firstorder_Median,0.8990895295902885,22,0.9233029155417887,22,muscle
original_firstorder_Minimum,0.23991726990692808,22,0.45910137874561346,22,muscle
original_firstorder_Range,0.5457693775129869,22,0.5832990461754615,22,muscle
original_firstorder_RobustMeanAbsoluteDeviation,0.8102293352723028,22,0.8299229563958535,22,muscle
original_firstorder_RootMeanSquared,0.8952309961152362,22,0.9234642232758887,22,muscle
original_firstorder_Skewness,0.5109074652500835,22,0.51538226328886,22,muscle
original_firstorder_TotalEnergy,0.5782064394113802,22,0.5803381958425475,22,muscle
original_firstorder_Uniformity,0.8250925422618822,22,0.8156916125970737,22,muscle
original_firstorder_Variance,0.693735856425574,22,0.6981109745581671,22,muscle
original_glcm_Autocorrelation,0.7123619724080473,22,0.713950146682472,22,muscle
original_glcm_ClusterProminence,0.4281825053290379,22,0.4288698218225831,22,muscle
original_glcm_ClusterShade,0.3964108936954931,22,0.38822211122599154,22,muscle
original_glcm_ClusterTendency,0.7148658218191092,22,0.7165283653060807,22,muscle
original_glcm_Contrast,0.6372692904919237,22,0.6399391388570582,22,muscle
original_glcm_Correlation,0.8812547464811282,22,0.8796343993749108,22,muscle
original_glcm_DifferenceAverage,0.7481445141774757,22,0.7516429676564121,22,muscle
original_glcm_DifferenceEntropy,0.7403579711515718,22,0.7424060287021157,22,muscle
original_glcm_DifferenceVariance,0.5807741058408668,22,0.5832961689992531,22,muscle
original_glcm_Id,0.803176414315716,22,0.8037338161586072,22,muscle
original_glcm_Idm,0.8016860809109531,22,0.8030986740149716,22,muscle
original_glcm_Idmn,0.6466230670751892,22,0.6158202241346736,22,muscle
original_glcm_Idn,0.6173732360035695,22,0.6194329672712494,22,muscle
original_glcm_Imc1,0.7991240938808634,22,0.7981439712568904,22,muscle
original_glcm_Imc2,0.8789216709176966,22,0.8773057410526882,22,muscle
original_glcm_InverseVariance,0.7534840374643488,22,0.7535801583974538,22,muscle
original_glcm_JointAverage,0.776539965328143,22,0.778927268263677,22,muscle
original_glcm_JointEnergy,0.8593245415627354,22,0.8371250206088597,22,muscle
original_glcm_JointEntropy,0.7927505042884213,22,0.7941620091300984,22,muscle
original_glcm_MCC,0.8366593984843189,22,0.8335121761992877,22,muscle
original_glcm_MaximumProbability,0.862753779797257,22,0.8692311831834099,22,muscle
original_glcm_SumAverage,0.776539965328143,22,0.7789272682636776,22,muscle
original_glcm_SumEntropy,0.8134891443421325,22,0.8139890322969222,22,muscle
original_glcm_SumSquares,0.7043721617022523,22,0.706243655576914,22,muscle
original_glrlm_GrayLevelNonUniformity,0.860677698692778,22,0.8601184596033028,22,muscle
original_glrlm_GrayLevelNonUniformityNormalized,0.7971798032085002,22,0.7779617454001729,22,muscle
original_glrlm_GrayLevelVariance,0.683906736503499,22,0.686326793993608,22,muscle
original_glrlm_HighGrayLevelRunEmphasis,0.6919890075954299,22,0.6938278046831143,22,muscle
original_glrlm_LongRunEmphasis,0.8959338068674175,22,0.8705015971599184,22,muscle
original_glrlm_LongRunHighGrayLevelEmphasis,0.682125737940034,22,0.685403793785517,22,muscle
original_glrlm_LongRunLowGrayLevelEmphasis,0.8832685555999678,22,0.7530240448566494,22,muscle
original_glrlm_LowGrayLevelRunEmphasis,0.7852431185549719,22,0.8017654392448818,22,muscle
original_glrlm_RunEntropy,0.7298464279359884,22,0.7325914994761936,22,muscle
original_glrlm_RunLengthNonUniformity,0.6524974038174919,22,0.6527470051113011,22,muscle
original_glrlm_RunLengthNonUniformityNormalized,0.8414962511882126,22,0.8419087711528463,22,muscle
original_glrlm_RunPercentage,0.8618603890805794,22,0.858226230620667,22,muscle
original_glrlm_RunVariance,0.9174399100541644,22,0.8894731341304668,22,muscle
original_glrlm_ShortRunEmphasis,0.8418534763297848,22,0.8394956131750634,22,muscle
original_glrlm_ShortRunHighGrayLevelEmphasis,0.6890853272503119,22,0.6908725093404614,22,muscle
original_glrlm_ShortRunLowGrayLevelEmphasis,0.7309159715006528,22,0.795278138141534,22,muscle
original_glszm_GrayLevelNonUniformity,0.6538074399536118,22,0.659819732353856,22,muscle
original_glszm_GrayLevelNonUniformityNormalized,0.7733181375000716,22,0.7041541445078935,22,muscle
original_glszm_GrayLevelVariance,0.5471877791472111,22,0.5458293273273149,22,muscle
original_glszm_HighGrayLevelZoneEmphasis,0.580800944652103,22,0.5833643784963406,22,muscle
original_glszm_LargeAreaEmphasis,0.7878203280775786,22,0.783904229284503,22,muscle
original_glszm_LargeAreaHighGrayLevelEmphasis,0.9214115282557442,22,0.9207564736625761,22,muscle
original_glszm_LargeAreaLowGrayLevelEmphasis,0.9306678281707087,22,0.9364455632085712,22,muscle
original_glszm_LowGrayLevelZoneEmphasis,0.4474893417177957,22,0.493761115714899,22,muscle
original_glszm_SizeZoneNonUniformity,0.5266891906381511,22,0.5296074011728563,22,muscle
original_glszm_SizeZoneNonUniformityNormalized,0.6094428843031913,22,0.6210957036265649,22,muscle
original_glszm_SmallAreaEmphasis,0.5915690985908861,22,0.6159416835249476,22,muscle
original_glszm_SmallAreaHighGrayLevelEmphasis,0.5573184343227454,22,0.560146445942175,22,muscle
original_glszm_SmallAreaLowGrayLevelEmphasis,0.5291003508652758,22,0.5286191879785918,22,muscle
original_glszm_ZoneEntropy,0.7758693266438678,22,0.7506873792679721,22,muscle
original_glszm_ZonePercentage,0.7603523865914543,22,0.7696716752778644,22,muscle
original_glszm_ZoneVariance,0.787694658142288,22,0.7833480504872412,22,muscle
original_gldm_DependenceEntropy,0.749035090807375,22,0.7511573642484183,22,muscle
original_gldm_DependenceNonUniformity,0.6196007734399154,22,0.6193908847261792,22,muscle
original_gldm_DependenceNonUniformityNormalized,0.9003778234297186,22,0.9028135266168156,22,muscle
original_gldm_DependenceVariance,0.905006220745273,22,0.9014255711484126,22,muscle
original_gldm_GrayLevelNonUniformity,0.8676194699925515,22,0.8664811237570978,22,muscle
original_gldm_GrayLevelVariance,0.6937358564255741,22,0.6958840828910993,22,muscle
original_gldm_HighGrayLevelEmphasis,0.6983564119366774,22,0.7001868062053317,22,muscle
original_gldm_LargeDependenceEmphasis,0.8837166525951103,22,0.8708513255327717,22,muscle
original_gldm_LargeDependenceHighGrayLevelEmphasis,0.719938140093782,22,0.7278205184542285,22,muscle
original_gldm_LargeDependenceLowGrayLevelEmphasis,0.8975893592377101,22,0.7556413607287449,22,muscle
original_gldm_LowGrayLevelEmphasis,0.7918345513330495,22,0.8062774654033599,22,muscle
original_gldm_SmallDependenceEmphasis,0.7721030025299598,22,0.781618249271555,22,muscle
original_gldm_SmallDependenceHighGrayLevelEmphasis,0.6379068989613661,22,0.6388609571932934,22,muscle
original_gldm_SmallDependenceLowGrayLevelEmphasis,0.3070431890020216,22,0.5131773387760079,22,muscle
original_ngtdm_Busyness,0.7475240344704304,22,0.7514918941840819,22,muscle
original_ngtdm_Coarseness,0.6809051892767296,22,0.6828279652458721,22,muscle
original_ngtdm_Complexity,0.4539675118556667,22,0.4558076753746072,22,muscle
original_ngtdm_Contrast,0.8513147135614892,22,0.8543434705466542,22,muscle
original_ngtdm_Strength,0.558967428844528,22,0.5606405743856109,22,muscle
original_shape_Elongation,0.4697598842624501,22,0.4689547866374632,22,zscore
original_shape_Flatness,0.616507232972749,22,0.6164846939503607,22,zscore
original_shape_LeastAxisLength,0.7669594053436322,22,0.7666994131226085,22,zscore
original_shape_MajorAxisLength,0.7644796519635452,22,0.763893924011041,22,zscore
original_shape_Maximum2DDiameterColumn,0.8211426819564499,22,0.8171174796830222,22,zscore
original_shape_Maximum2DDiameterRow,0.7385779235397708,22,0.7361909442434235,22,zscore
original_shape_Maximum2DDiameterSlice,0.6496447982144226,22,0.6490171098803964,22,zscore
original_shape_Maximum3DDiameter,0.739142709602197,22,0.7351858894546601,22,zscore
original_shape_MeshVolume,0.7283102577095294,22,0.7276336470154947,22,zscore
original_shape_MinorAxisLength,0.6657388317444173,22,0.6658781123848779,22,zscore
original_shape_Sphericity,0.5113266810893029,22,0.5100073449241029,22,zscore
original_shape_SurfaceArea,0.7442170545138365,22,0.7435556323002962,22,zscore
original_shape_SurfaceVolumeRatio,0.5015427142356769,22,0.4968251817341963,22,zscore
original_shape_VoxelVolume,0.7286509529434513,22,0.7279763517296081,22,zscore
original_firstorder_10Percentile,0.29530201342281903,22,0.9918799070499377,22,zscore
original_firstorder_90Percentile,-4.579669976578774e-16,22,0.9971996722234984,22,zscore
original_firstorder_Energy,0.7286314992625098,22,0.7434266094250868,22,zscore
original_firstorder_Entropy,0.5489412516263128,22,0.5197737542441135,22,zscore
original_firstorder_InterquartileRange,0.44736842105263136,22,0.8576959187349509,22,zscore
original_firstorder_Kurtosis,0.28935754521931206,22,0.2881508318948017,22,zscore
original_firstorder_Maximum,0.5168840668048277,22,0.7769150192060108,22,zscore
original_firstorder_MeanAbsoluteDeviation,0.6617187979698943,22,0.9776655192017067,22,zscore
original_firstorder_Mean,0.18679530473385153,22,0.9999998177508342,22,zscore
original_firstorder_Median,0.6074766355140194,22,0.9971350573986887,22,zscore
original_firstorder_Minimum,0.5733997700268306,22,0.889329677604541,22,zscore
original_firstorder_Range,0.5878168462007495,22,0.7074200225185436,22,zscore
original_firstorder_RobustMeanAbsoluteDeviation,0.6649537436341577,22,0.9282871576215794,22,zscore
original_firstorder_RootMeanSquared,0.16462427710748137,22,0.9999998290765414,22,zscore
original_firstorder_Skewness,0.5229544872914149,22,0.5141215651121802,22,zscore
original_firstorder_TotalEnergy,0.7286314992625103,22,0.7434266094250871,22,zscore
original_firstorder_Uniformity,0.6272680879153463,22,0.6077671729991428,22,zscore
original_firstorder_Variance,0.06124123583902339,22,0.9999765299295056,22,zscore
original_glcm_Autocorrelation,0.5623096336507575,22,0.5288609104115903,22,zscore
original_glcm_ClusterProminence,0.2911931997092899,22,0.28613270947979785,22,zscore
original_glcm_ClusterShade,0.5581798086324463,22,0.5471986291537624,22,zscore
original_glcm_ClusterTendency,0.6782357890987106,22,0.6760560703825635,22,zscore
original_glcm_Contrast,0.8848290079155682,22,0.8816694150101332,22,zscore
original_glcm_Correlation,0.8792974450398686,22,0.8773722043520821,22,zscore
original_glcm_DifferenceAverage,0.8343332530798137,22,0.8303677587995514,22,zscore
original_glcm_DifferenceEntropy,0.8577651624604475,22,0.8551268096332356,22,zscore
original_glcm_DifferenceVariance,0.8581500662773324,22,0.8560717909073836,22,zscore
original_glcm_Id,0.7707580536950412,22,0.7671245637232191,22,zscore
original_glcm_Idm,0.7613062453571589,22,0.7572665669912451,22,zscore
original_glcm_Idmn,0.642754893966144,22,0.6250869096591419,22,zscore
original_glcm_Idn,0.609389706705317,22,0.5991006633944,22,zscore
original_glcm_Imc1,0.8003240042678823,22,0.7993305161135593,22,zscore
original_glcm_Imc2,0.8589305864793705,22,0.8576910643427793,22,zscore
original_glcm_InverseVariance,0.7679939521227708,22,0.7587992291590564,22,zscore
original_glcm_JointAverage,0.5553709224679926,22,0.5110342940254015,22,zscore
original_glcm_JointEnergy,0.64302076433501,22,0.623602912443719,22,zscore
original_glcm_JointEntropy,0.6550314064092598,22,0.6398707335299126,22,zscore
original_glcm_MCC,0.8127534064977772,22,0.8210242158553182,22,zscore
original_glcm_MaximumProbability,0.6877456281811825,22,0.7036582491353224,22,zscore
original_glcm_SumAverage,0.5553709224679925,22,0.5110342940254009,22,zscore
original_glcm_SumEntropy,0.6569813863699796,22,0.6537675141820869,22,zscore
original_glcm_SumSquares,0.2975908557320915,22,0.29794731882643194,22,zscore
original_glrlm_GrayLevelNonUniformity,0.739008347632435,22,0.7382567834109347,22,zscore
original_glrlm_GrayLevelNonUniformityNormalized,0.6055793010000774,22,0.5841537102395328,22,zscore
original_glrlm_GrayLevelVariance,0.5766830379607707,22,0.5696581294659283,22,zscore
original_glrlm_HighGrayLevelRunEmphasis,0.5750239686022891,22,0.5454019692828869,22,zscore
original_glrlm_LongRunEmphasis,0.6318327545772766,22,0.6288528795914301,22,zscore
original_glrlm_LongRunHighGrayLevelEmphasis,0.620321204265734,22,0.5887162552020703,22,zscore
original_glrlm_LongRunLowGrayLevelEmphasis,0.5538375204653506,22,0.45524599828853096,22,zscore
original_glrlm_LowGrayLevelRunEmphasis,0.5817451439681031,22,0.47907497974532853,22,zscore
original_glrlm_RunEntropy,0.6731761346935087,22,0.6749363443830784,22,zscore
original_glrlm_RunLengthNonUniformity,0.7537364888010898,22,0.7529110468473749,22,zscore
original_glrlm_RunLengthNonUniformityNormalized,0.6880741976427412,22,0.6842362243572493,22,zscore
original_glrlm_RunPercentage,0.6752672407299481,22,0.6719080555180176,22,zscore
original_glrlm_RunVariance,0.5834985645438294,22,0.5811603871321913,22,zscore
original_glrlm_ShortRunEmphasis,0.6865029227776515,22,0.682734511316421,22,zscore
original_glrlm_ShortRunHighGrayLevelEmphasis,0.5664423672316956,22,0.5384601822563894,22,zscore
original_glrlm_ShortRunLowGrayLevelEmphasis,0.5873515146079333,22,0.4848714033386014,22,zscore
original_glszm_GrayLevelNonUniformity,0.795021498807144,22,0.795125251361361,22,zscore
original_glszm_GrayLevelNonUniformityNormalized,0.7481248504196869,22,0.7448109410557955,22,zscore
original_glszm_GrayLevelVariance,0.606560462650078,22,0.6020117765181415,22,zscore
original_glszm_HighGrayLevelZoneEmphasis,0.6179705107170576,22,0.6023573398739673,22,zscore
original_glszm_LargeAreaEmphasis,0.6717544595136744,22,0.6707085555212904,22,zscore
original_glszm_LargeAreaHighGrayLevelEmphasis,0.8674704466472576,22,0.8662939914183218,22,zscore
original_glszm_LargeAreaLowGrayLevelEmphasis,0.3912424843572748,22,0.3897997397495752,22,zscore
original_glszm_LowGrayLevelZoneEmphasis,0.5840302427969191,22,0.5159898861940376,22,zscore
original_glszm_SizeZoneNonUniformity,0.8141635442821492,22,0.8140865066740273,22,zscore
original_glszm_SizeZoneNonUniformityNormalized,0.8097574790846431,22,0.8292000295045147,22,zscore
original_glszm_SmallAreaEmphasis,0.8110438187283511,22,0.8330445284457533,22,zscore
original_glszm_SmallAreaHighGrayLevelEmphasis,0.6464853592821048,22,0.6338924998602359,22,zscore
original_glszm_SmallAreaLowGrayLevelEmphasis,0.5214090321253877,22,0.44634622092250814,22,zscore
original_glszm_ZoneEntropy,0.662444061124408,22,0.6684264365703906,22,zscore
original_glszm_ZonePercentage,0.7086975505027389,22,0.7022448727885037,22,zscore
original_glszm_ZoneVariance,0.6723245058995312,22,0.6712943798983108,22,zscore
original_gldm_DependenceEntropy,0.7284528311493037,22,0.7295910757054436,22,zscore
original_gldm_DependenceNonUniformity,0.7849648732383904,22,0.7837579932073545,22,zscore
original_gldm_DependenceNonUniformityNormalized,0.6064045824077932,22,0.6038882422929575,22,zscore
original_gldm_DependenceVariance,0.612693408126516,22,0.6109987872380278,22,zscore
original_gldm_GrayLevelNonUniformity,0.7309007909712372,22,0.730204480938326,22,zscore
original_gldm_GrayLevelVariance,0.06124123583897739,22,0.15383574794121246,22,zscore
original_gldm_HighGrayLevelEmphasis,0.5748892900299397,22,0.5444733533092398,22,zscore
original_gldm_LargeDependenceEmphasis,0.6603622614462277,22,0.6575421720204694,22,zscore
original_gldm_LargeDependenceHighGrayLevelEmphasis,0.7616849753294084,22,0.7464593027798694,22,zscore
original_gldm_LargeDependenceLowGrayLevelEmphasis,0.4586477393573488,22,0.38789642584510586,22,zscore
original_gldm_LowGrayLevelEmphasis,0.580470998368437,22,0.47570701405206994,22,zscore
original_gldm_SmallDependenceEmphasis,0.7338229783381953,22,0.7280090603296147,22,zscore
original_gldm_SmallDependenceHighGrayLevelEmphasis,0.6096057403006925,22,0.604563398258125,22,zscore
original_gldm_SmallDependenceLowGrayLevelEmphasis,0.5981656367068993,22,0.5104786021800358,22,zscore
original_ngtdm_Busyness,0.5081440703326501,22,0.5159022537222536,22,zscore
original_ngtdm_Coarseness,0.6832828425303895,22,0.6827072474999917,22,zscore
original_ngtdm_Complexity,0.6804597329824801,22,0.6734033303536329,22,zscore
original_ngtdm_Contrast,0.6145507684544294,22,0.5987591143704916,22,zscore
original_ngtdm_Strength,0.4707431595938913,22,0.47198848436380114,22,zscore
