feature,icc_A,n_A,icc_B,n_B,pass_icc,n_missing_A_R1,candidate
wavelet-LLH_firstorder_10Percentile,0.6712963011050175,22,0.09661082557337401,8,False,0,False
wavelet-LLH_firstorder_90Percentile,0.5297951605671226,22,0.29877833873916954,8,False,0,False
wavelet-LLH_firstorder_Energy,0.45778506504032884,22,-0.027078517361546133,8,False,0,False
wavelet-LLH_firstorder_Entropy,0.7068344596314412,22,0.27079151637472887,8,False,0,False
wavelet-LLH_firstorder_InterquartileRange,0.672923538084232,22,0.24434357803459544,8,False,0,False
wavelet-LLH_firstorder_Kurtosis,0.9395111262066055,22,0.8900560021367165,8,True,0,True
wavelet-LLH_firstorder_Maximum,0.7430479844777954,22,0.03662467492290775,8,False,0,False
wavelet-LLH_firstorder_MeanAbsoluteDeviation,0.6205954123292727,22,0.179094800170839,8,False,0,False
wavelet-LLH_firstorder_Mean,0.6841434971999797,22,0.5203218376075863,8,False,0,False
wavelet-LLH_firstorder_Median,0.6307173140274606,22,0.5121793012296879,8,False,0,False
wavelet-LLH_firstorder_Minimum,0.649750943427427,22,0.1291031344388191,8,False,0,False
wavelet-LLH_firstorder_Range,0.6801277171469972,22,0.04952790722421633,8,False,0,False
wavelet-LLH_firstorder_RobustMeanAbsoluteDeviation,0.6570446355582136,22,0.22253826246770636,8,False,0,False
wavelet-LLH_firstorder_RootMeanSquared,0.6659975433996705,22,0.17808928171511929,8,False,0,False
wavelet-LLH_firstorder_Skewness,0.8449524055805882,22,0.9011390931485193,8,True,0,True
wavelet-LLH_firstorder_TotalEnergy,0.45778506504032895,22,-0.027078517361546296,8,False,0,False
wavelet-LLH_firstorder_Uniformity,0.6998262384748515,22,0.3741208284593833,8,False,0,False
wavelet-LLH_firstorder_Variance,0.4685701598332149,22,0.07098840491566408,8,False,0,False
wavelet-LLH_glcm_Autocorrelation,0.498843757547876,22,0.042337721715229155,8,False,0,False
wavelet-LLH_glcm_ClusterProminence,0.4279012330366746,22,0.028346338111101498,8,False,0,False
wavelet-LLH_glcm_ClusterShade,0.8156895945367625,22,0.6903880334682062,8,True,0,True
wavelet-LLH_glcm_ClusterTendency,0.5026112268769373,22,0.07804906648613702,8,False,0,False
wavelet-LLH_glcm_Contrast,0.3276972661708596,22,0.061139095590612945,8,False,0,False
wavelet-LLH_glcm_Correlation,0.73645820425538,22,0.15647991110554615,8,False,0,False
wavelet-LLH_glcm_DifferenceAverage,0.5153354082122642,22,0.1568435024000243,8,False,0,False
wavelet-LLH_glcm_DifferenceEntropy,0.6598023386893449,22,0.21039434342361582,8,False,0,False
wavelet-LLH_glcm_DifferenceVariance,0.48062450697402803,22,0.03474638312027795,8,False,0,False
wavelet-LLH_glcm_Id,0.7354979155459086,22,0.24697890429438657,8,False,0,False
wavelet-LLH_glcm_Idm,0.7431788397513612,22,0.25344439458210466,8,False,0,False
wavelet-LLH_glcm_Idmn,0.8989070876070117,22,0.3909381255924766,8,True,0,True
wavelet-LLH_glcm_Idn,0.9379602177218405,22,0.5736491211611539,8,True,0,True
wavelet-LLH_glcm_Imc1,0.9238501795719508,22,-0.09259128569573659,8,True,0,True
wavelet-LLH_glcm_Imc2,0.8362064292158835,22,0.14585640894183452,8,True,0,True
wavelet-LLH_glcm_InverseVariance,0.7535568648288781,22,0.22118716773916733,8,True,0,True
wavelet-LLH_glcm_JointAverage,0.6514013360210565,22,0.14468122263813427,8,False,0,False
wavelet-LLH_glcm_JointEnergy,0.6494233648831507,22,0.3535663591673951,8,False,0,False
wavelet-LLH_glcm_JointEntropy,0.7164955433268639,22,0.25943322022526366,8,False,0,False
wavelet-LLH_glcm_MCC,0.808356775158739,22,0.2764929878668926,8,True,0,True
wavelet-LLH_glcm_MaximumProbability,0.7400787781407514,22,0.2866009429703168,8,False,0,False
wavelet-LLH_glcm_SumAverage,0.6514013360210569,22,0.14468122263813474,8,False,0,False
wavelet-LLH_glcm_SumEntropy,0.7468553566417151,22,0.30927183369944494,8,False,0,False
wavelet-LLH_glcm_SumSquares,0.42544532338710506,22,0.063800877750197,8,False,0,False
wavelet-LLH_glrlm_GrayLevelNonUniformity,0.838722396243026,22,0.6651113011939382,8,True,0,True
wavelet-LLH_glrlm_GrayLevelNonUniformityNormalized,0.6893920913841833,22,0.3527230884546121,8,False,0,False
wavelet-LLH_glrlm_GrayLevelVariance,0.49401142794757197,22,0.06465770433128445,8,False,0,False
wavelet-LLH_glrlm_HighGrayLevelRunEmphasis,0.49279033290149177,22,0.037641180465285175,8,False,0,False
wavelet-LLH_glrlm_LongRunEmphasis,0.7219666703462896,22,0.3949263430274529,8,False,0,False
wavelet-LLH_glrlm_LongRunHighGrayLevelEmphasis,0.6409942186290596,22,0.19878951974407202,8,False,0,False
wavelet-LLH_glrlm_LongRunLowGrayLevelEmphasis,0.4077416391338906,22,0.5278796252228849,8,False,0,False
wavelet-LLH_glrlm_LowGrayLevelRunEmphasis,0.4372303159903419,22,0.3480577993399769,8,False,0,False
wavelet-LLH_glrlm_RunEntropy,0.6842420982256731,22,0.008926792554118306,8,False,0,False
wavelet-LLH_glrlm_RunLengthNonUniformity,0.6575363543346792,22,0.3845436374278415,8,False,0,False
wavelet-LLH_glrlm_RunLengthNonUniformityNormalized,0.7637266445726403,22,0.45780208294461416,8,True,0,True
wavelet-LLH_glrlm_RunPercentage,0.7705488486194684,22,0.4370454299045208,8,True,0,True
wavelet-LLH_glrlm_RunVariance,0.7354468557135427,22,0.35917588568367337,8,False,0,False
wavelet-LLH_glrlm_ShortRunEmphasis,0.7422802222618504,22,0.4614677568975705,8,False,0,False
wavelet-LLH_glrlm_ShortRunHighGrayLevelEmphasis,0.45841935674795736,22,0.023226912032728097,8,False,0,False
wavelet-LLH_glrlm_ShortRunLowGrayLevelEmphasis,0.4471958607552669,22,0.2823716098146083,8,False,0,False
wavelet-LLH_glszm_GrayLevelNonUniformity,0.6450894947408746,22,0.31565814784479074,8,False,0,False
wavelet-LLH_glszm_GrayLevelNonUniformityNormalized,0.6127275539027591,22,0.35132567267570336,8,False,0,False
wavelet-LLH_glszm_GrayLevelVariance,0.6853114314331642,22,0.01383133138657028,8,False,0,False
wavelet-LLH_glszm_HighGrayLevelZoneEmphasis,0.48063073574516874,22,0.01826731165940142,8,False,0,False
wavelet-LLH_glszm_LargeAreaEmphasis,0.7812826108400448,22,0.5792010786546539,8,True,0,True
wavelet-LLH_glszm_LargeAreaHighGrayLevelEmphasis,0.9197573025879379,22,0.7286863665200694,8,True,0,True
wavelet-LLH_glszm_LargeAreaLowGrayLevelEmphasis,0.5504256914986128,22,0.567078117227401,8,False,0,False
wavelet-LLH_glszm_LowGrayLevelZoneEmphasis,0.39273994808781604,22,0.20002368246367405,8,False,0,False
wavelet-LLH_glszm_SizeZoneNonUniformity,0.5235888378765677,22,0.0432843664949419,8,False,0,False
wavelet-LLH_glszm_SizeZoneNonUniformityNormalized,0.3281138353448721,22,0.3927067916089817,8,False,0,False
wavelet-LLH_glszm_SmallAreaEmphasis,0.3403840262943934,22,0.38487048605346136,8,False,0,False
wavelet-LLH_glszm_SmallAreaHighGrayLevelEmphasis,0.37140028512922213,22,0.009219219279598245,8,False,0,False
wavelet-LLH_glszm_SmallAreaLowGrayLevelEmphasis,0.4139514413752266,22,0.03105972691595533,8,False,0,False
wavelet-LLH_glszm_ZoneEntropy,0.76886134154937,22,-0.050368819311482224,8,True,0,True
wavelet-LLH_glszm_ZonePercentage,0.6646793925858403,22,0.44821849732086544,8,False,0,False
wavelet-LLH_glszm_ZoneVariance,0.781452945597686,22,0.579789508911439,8,True,0,True
wavelet-LLH_gldm_DependenceEntropy,0.7073036389394434,22,0.14872550265163126,8,False,0,False
wavelet-LLH_gldm_DependenceNonUniformity,0.5901117015619793,22,0.12951139898095718,8,False,0,False
wavelet-LLH_gldm_DependenceNonUniformityNormalized,0.7185033201175871,22,0.38496190640352246,8,False,0,False
wavelet-LLH_gldm_DependenceVariance,0.845714940820742,22,0.29387154655948367,8,True,0,True
wavelet-LLH_gldm_GrayLevelNonUniformity,0.8506707944127438,22,0.6730059242131886,8,True,0,True
wavelet-LLH_gldm_GrayLevelVariance,0.46901627959451625,22,0.0721601567030022,8,False,0,False
wavelet-LLH_gldm_HighGrayLevelEmphasis,0.4934788663660082,22,0.039061710963147575,8,False,0,False
wavelet-LLH_gldm_LargeDependenceEmphasis,0.7540940868588399,22,0.37508670676391337,8,True,0,True
wavelet-LLH_gldm_LargeDependenceHighGrayLevelEmphasis,0.9375609994622385,22,0.7964964230285161,8,True,0,True
wavelet-LLH_gldm_LargeDependenceLowGrayLevelEmphasis,0.41771421346797327,22,0.5607523608901149,8,False,0,False
wavelet-LLH_gldm_LowGrayLevelEmphasis,0.4421925507879803,22,0.3649778819495723,8,False,0,False
wavelet-LLH_gldm_SmallDependenceEmphasis,0.6410687988486423,22,0.44086487464072943,8,False,0,False
wavelet-LLH_gldm_SmallDependenceHighGrayLevelEmphasis,0.1513575905676545,22,2.3367545458381514e-05,8,False,0,False
wavelet-LLH_gldm_SmallDependenceLowGrayLevelEmphasis,0.5606845584126317,22,-0.16767003058492888,8,False,0,False
wavelet-LLH_ngtdm_Busyness,0.7914022098939648,22,0.6944372198764099,8,True,0,True
wavelet-LLH_ngtdm_Coarseness,0.6754719969097476,22,0.15064710103267095,8,False,0,False
wavelet-LLH_ngtdm_Complexity,0.14016047957293173,22,-0.014370689980463612,8,False,0,False
wavelet-LLH_ngtdm_Contrast,0.679562400047824,22,0.5628060273602711,8,False,0,False
wavelet-LLH_ngtdm_Strength,0.6753320539862279,22,0.6552426436406816,8,False,0,False
wavelet-LHL_firstorder_10Percentile,0.8133109772280609,22,-0.3662872429419068,8,True,0,True
wavelet-LHL_firstorder_90Percentile,0.7155759456275782,22,-0.9573087844207901,8,False,0,False
wavelet-LHL_firstorder_Energy,0.4433745524771794,22,0.45876697519765375,8,False,0,False
wavelet-LHL_firstorder_Entropy,0.7266737391931624,22,-0.6401981111178039,8,False,0,False
wavelet-LHL_firstorder_InterquartileRange,0.8149903807776818,22,-0.7353294005763796,8,True,0,True
wavelet-LHL_firstorder_Kurtosis,0.7336338920326112,22,0.012260169251805115,8,False,0,False
wavelet-LHL_firstorder_Maximum,0.63679196522614,22,-0.552883224790481,8,False,0,False
wavelet-LHL_firstorder_MeanAbsoluteDeviation,0.7776676157908229,22,-0.7684986865427159,8,True,0,True
wavelet-LHL_firstorder_Mean,0.5251018310409514,22,0.13116624830500082,8,False,0,False
wavelet-LHL_firstorder_Median,0.5264348021241527,22,0.32514658204687164,8,False,0,False
wavelet-LHL_firstorder_Minimum,0.7945544640960973,22,-0.06256310323938863,8,True,0,True
wavelet-LHL_firstorder_Range,0.7711887331910617,22,-0.37745557871667806,8,True,0,True
wavelet-LHL_firstorder_RobustMeanAbsoluteDeviation,0.8091417445458797,22,-0.7431256517610516,8,True,0,True
wavelet-LHL_firstorder_RootMeanSquared,0.74898766527285,22,-0.7368582366873891,8,False,0,False
wavelet-LHL_firstorder_Skewness,0.6273824338596892,22,0.44592318848464496,8,False,0,False
wavelet-LHL_firstorder_TotalEnergy,0.44337455247717966,22,0.458766975197654,8,False,0,False
wavelet-LHL_firstorder_Uniformity,0.6326318599059799,22,-0.5041548603594922,8,False,0,False
wavelet-LHL_firstorder_Variance,0.7181423858858657,22,-0.6642650609139275,8,False,0,False
wavelet-LHL_glcm_Autocorrelation,0.8189539358945134,22,-0.05663461586939877,8,True,0,True
wavelet-LHL_glcm_ClusterProminence,0.35324109117225333,22,-0.3360049700966836,8,False,0,False
wavelet-LHL_glcm_ClusterShade,0.37187865837259393,22,0.42150910101166034,8,False,0,False
wavelet-LHL_glcm_ClusterTendency,0.6772895420933582,22,-0.6818005308393194,8,False,0,False
wavelet-LHL_glcm_Contrast,0.7217252623521815,22,-0.6530592256196314,8,False,0,False
wavelet-LHL_glcm_Correlation,0.3229676216245459,22,0.00972552348873217,8,False,0,False
wavelet-LHL_glcm_DifferenceAverage,0.7730084274124286,22,-0.6693752917227952,8,True,0,True
wavelet-LHL_glcm_DifferenceEntropy,0.6731279755980372,22,-0.5232413859441726,8,False,0,False
wavelet-LHL_glcm_DifferenceVariance,0.6236556873041164,22,-0.5048930842926963,8,False,0,False
wavelet-LHL_glcm_Id,0.5822274928919937,22,-0.46466736451778656,8,False,0,False
wavelet-LHL_glcm_Idm,0.5536699923623697,22,-0.45812576482694123,8,False,0,False
wavelet-LHL_glcm_Idmn,0.7944716203589609,22,0.20808721247266534,8,True,0,True
wavelet-LHL_glcm_Idn,0.7681181041681479,22,0.2943321487768464,8,True,0,True
wavelet-LHL_glcm_Imc1,0.26827668136060684,22,0.17323565888779793,8,False,0,False
wavelet-LHL_glcm_Imc2,0.6921113941340766,22,0.5984282897370968,8,False,0,False
wavelet-LHL_glcm_InverseVariance,0.7416435428401952,22,-0.2530610664996837,8,False,0,False
wavelet-LHL_glcm_JointAverage,0.7805543868625762,22,-0.12952333532271876,8,True,0,True
wavelet-LHL_glcm_JointEnergy,0.42990192964450274,22,-0.29540097318596026,8,False,0,False
wavelet-LHL_glcm_JointEntropy,0.6971994855212152,22,-0.5777583842138881,8,False,0,False
wavelet-LHL_glcm_MCC,0.6437639099287654,22,0.11973858189033602,8,False,0,False
wavelet-LHL_glcm_MaximumProbability,0.4551596373502032,22,-0.3285895385794449,8,False,0,False
wavelet-LHL_glcm_SumAverage,0.7805543868625757,22,-0.1295233353227182,8,True,0,True
wavelet-LHL_glcm_SumEntropy,0.7552897454496377,22,-0.6709339680568115,8,True,0,True
wavelet-LHL_glcm_SumSquares,0.6959339894489632,22,-0.681821323192377,8,False,0,False
wavelet-LHL_glrlm_GrayLevelNonUniformity,0.7780373977892784,22,0.4963395854715064,8,True,0,True
wavelet-LHL_glrlm_GrayLevelNonUniformityNormalized,0.6553253054425521,22,-0.5111234220934925,8,False,0,False
wavelet-LHL_glrlm_GrayLevelVariance,0.7149723539710326,22,-0.6234256115185497,8,False,0,False
wavelet-LHL_glrlm_HighGrayLevelRunEmphasis,0.8195271549903229,22,-0.06844667694253541,8,True,0,True
wavelet-LHL_glrlm_LongRunEmphasis,0.1328835007634768,22,-0.17601248110317613,8,False,0,False
wavelet-LHL_glrlm_LongRunHighGrayLevelEmphasis,0.8241400463081324,22,0.19055309831008882,8,True,0,True
wavelet-LHL_glrlm_LongRunLowGrayLevelEmphasis,0.10995281606197968,22,-0.11117566548618052,8,False,0,False
wavelet-LHL_glrlm_LowGrayLevelRunEmphasis,0.3452674776579073,22,-0.2612589994767637,8,False,0,False
wavelet-LHL_glrlm_RunEntropy,0.7658235486016501,22,0.12891778644963828,8,True,0,True
wavelet-LHL_glrlm_RunLengthNonUniformity,0.707878768956477,22,0.688085035152734,8,False,0,False
wavelet-LHL_glrlm_RunLengthNonUniformityNormalized,0.45337968829784697,22,-0.41973128467695375,8,False,0,False
wavelet-LHL_glrlm_RunPercentage,0.3680362883464563,22,-0.3562810429349987,8,False,0,False
wavelet-LHL_glrlm_RunVariance,0.09614392044169215,22,-0.15881731240899102,8,False,0,False
wavelet-LHL_glrlm_ShortRunEmphasis,0.3577477587491286,22,-0.3367683165112385,8,False,0,False
wavelet-LHL_glrlm_ShortRunHighGrayLevelEmphasis,0.8190029933766031,22,-0.11092101718628118,8,True,0,True
wavelet-LHL_glrlm_ShortRunLowGrayLevelEmphasis,0.40653740157515156,22,-0.27051319413850317,8,False,0,False
wavelet-LHL_glszm_GrayLevelNonUniformity,0.7512657467604039,22,0.7554558927554206,8,True,0,True
wavelet-LHL_glszm_GrayLevelNonUniformityNormalized,0.6953285544448061,22,-0.37352158020724385,8,False,0,False
wavelet-LHL_glszm_GrayLevelVariance,0.6625576935995262,22,-0.2626702519376451,8,False,0,False
wavelet-LHL_glszm_HighGrayLevelZoneEmphasis,0.8181084622138568,22,-0.12983524188407525,8,True,0,True
wavelet-LHL_glszm_LargeAreaEmphasis,-0.0001749518381254862,22,-0.06499519376441892,8,False,0,False
wavelet-LHL_glszm_LargeAreaHighGrayLevelEmphasis,0.8073101995168477,22,0.30438129165584643,8,True,0,True
wavelet-LHL_glszm_LargeAreaLowGrayLevelEmphasis,-0.0031174925665625216,22,-0.014746350053602652,8,False,0,False
wavelet-LHL_glszm_LowGrayLevelZoneEmphasis,0.35744150215285,22,-0.22268314483613408,8,False,0,False
wavelet-LHL_glszm_SizeZoneNonUniformity,0.6280402530624474,22,0.5754976418334711,8,False,0,False
wavelet-LHL_glszm_SizeZoneNonUniformityNormalized,0.3280168757492434,22,-0.31036220893327526,8,False,0,False
wavelet-LHL_glszm_SmallAreaEmphasis,0.23049131411432702,22,-0.26124107373456845,8,False,0,False
wavelet-LHL_glszm_SmallAreaHighGrayLevelEmphasis,0.8187513778551737,22,-0.13411783496677562,8,True,0,True
wavelet-LHL_glszm_SmallAreaLowGrayLevelEmphasis,0.5418924788846904,22,-0.26040727016826404,8,False,0,False
wavelet-LHL_glszm_ZoneEntropy,0.7588856213576399,22,-0.062080588943504635,8,True,0,True
wavelet-LHL_glszm_ZonePercentage,0.7891631700345375,22,-0.578970663620957,8,True,0,True
wavelet-LHL_glszm_ZoneVariance,-5.891599723088013e-05,22,-0.06569752290115384,8,False,0,False
wavelet-LHL_gldm_DependenceEntropy,0.6700157172772436,22,0.24644815256684402,8,False,0,False
wavelet-LHL_gldm_DependenceNonUniformity,0.6597770960445548,22,0.6808205582074969,8,False,0,False
wavelet-LHL_gldm_DependenceNonUniformityNormalized,0.8004764571517349,22,-0.541370876292587,8,True,0,True
wavelet-LHL_gldm_DependenceVariance,0.2783819811381797,22,-0.27948901854918834,8,False,0,False
wavelet-LHL_gldm_GrayLevelNonUniformity,0.6857614957128276,22,0.24172143540040741,8,False,0,False
wavelet-LHL_gldm_GrayLevelVariance,0.7190747764539412,22,-0.6679359513304395,8,False,0,False
wavelet-LHL_gldm_HighGrayLevelEmphasis,0.8196533998970424,22,-0.06525748444681022,8,True,0,True
wavelet-LHL_gldm_LargeDependenceEmphasis,0.18659694899090826,22,-0.22043980456212156,8,False,0,False
wavelet-LHL_gldm_LargeDependenceHighGrayLevelEmphasis,0.8655711023056838,22,0.5038768414369597,8,True,0,True
wavelet-LHL_gldm_LargeDependenceLowGrayLevelEmphasis,0.044982696026100624,22,-0.0711517276282224,8,False,0,False
wavelet-LHL_gldm_LowGrayLevelEmphasis,0.3452175671965167,22,-0.2624767202383328,8,False,0,False
wavelet-LHL_gldm_SmallDependenceEmphasis,0.7553773320621235,22,-0.6202720371131799,8,True,0,True
wavelet-LHL_gldm_SmallDependenceHighGrayLevelEmphasis,0.8353795780886727,22,-0.22196884633078065,8,True,0,True
wavelet-LHL_gldm_SmallDependenceLowGrayLevelEmphasis,0.43757004262436283,22,0.2669115940044297,8,False,0,False
wavelet-LHL_ngtdm_Busyness,0.3286897493762554,22,-0.3332688247043776,8,False,0,False
wavelet-LHL_ngtdm_Coarseness,0.7084788829019695,22,0.3850065593168794,8,False,0,False
wavelet-LHL_ngtdm_Complexity,0.6348971822331319,22,-0.164007869226985,8,False,0,False
wavelet-LHL_ngtdm_Contrast,0.9155744064392998,22,-0.016560727964835903,8,True,0,True
wavelet-LHL_ngtdm_Strength,0.9717402443689589,22,-0.36578452787060417,8,True,0,True
wavelet-LHH_firstorder_10Percentile,0.7828931042972003,22,-0.44293961530356885,8,True,0,True
wavelet-LHH_firstorder_90Percentile,0.8086203253892349,22,-0.506062064236135,8,True,0,True
wavelet-LHH_firstorder_Energy,0.520779190583188,22,0.1546015155735085,8,False,0,False
wavelet-LHH_firstorder_Entropy,0.6855090917531039,22,-0.5397772146049002,8,False,0,False
wavelet-LHH_firstorder_InterquartileRange,0.7997636236512279,22,-0.4834060659480363,8,True,0,True
wavelet-LHH_firstorder_Kurtosis,0.7709408746036004,22,0.5683966677434645,8,True,0,True
wavelet-LHH_firstorder_Maximum,0.5084454145202949,22,0.32226904051232147,8,False,0,False
wavelet-LHH_firstorder_MeanAbsoluteDeviation,0.7798282306334806,22,-0.465179955616952,8,True,0,True
wavelet-LHH_firstorder_Mean,0.15015422762678338,22,-0.10153887877250545,8,False,0,False
wavelet-LHH_firstorder_Median,0.3563898962199076,22,0.00956850192930397,8,False,0,False
wavelet-LHH_firstorder_Minimum,0.6150942398188578,22,-0.0012278740592760167,8,False,0,False
wavelet-LHH_firstorder_Range,0.575583277938528,22,0.2121412154135666,8,False,0,False
wavelet-LHH_firstorder_RobustMeanAbsoluteDeviation,0.8007594735782072,22,-0.4839044247027459,8,True,0,True
wavelet-LHH_firstorder_RootMeanSquared,0.7549409000551075,22,-0.40601225423654147,8,True,0,True
wavelet-LHH_firstorder_Skewness,0.31361724400433194,22,0.6852658864322756,8,False,0,False
wavelet-LHH_firstorder_TotalEnergy,0.5207791905831883,22,0.15460151557350862,8,False,0,False
wavelet-LHH_firstorder_Uniformity,0.575195220780577,22,-0.6328326167969853,8,False,0,False
wavelet-LHH_firstorder_Variance,0.7892238378060789,22,-0.3079066979629447,8,True,0,True
wavelet-LHH_glcm_Autocorrelation,0.5448454865091567,22,-0.05758565053594795,8,False,0,False
wavelet-LHH_glcm_ClusterProminence,0.5341491911690306,22,-0.09147517484562089,8,False,0,False
wavelet-LHH_glcm_ClusterShade,0.468725761383237,22,0.3338060410670511,8,False,0,False
wavelet-LHH_glcm_ClusterTendency,0.7869191878323765,22,-0.3187577449113646,8,True,0,True
wavelet-LHH_glcm_Contrast,0.8042865708130018,22,-0.28806257630711063,8,True,0,True
wavelet-LHH_glcm_Correlation,0.5484245938019254,22,0.4449320030230509,8,False,0,False
wavelet-LHH_glcm_DifferenceAverage,0.7925395539799213,22,-0.4325303524229824,8,True,0,True
wavelet-LHH_glcm_DifferenceEntropy,0.6970419083944738,22,-0.5255490369493194,8,False,0,False
wavelet-LHH_glcm_DifferenceVariance,0.7432918170868543,22,-0.25642657176481454,8,False,0,False
wavelet-LHH_glcm_Id,0.6504157832778562,22,-0.5634575672509349,8,False,0,False
wavelet-LHH_glcm_Idm,0.6164683586011808,22,-0.5733969442446935,8,False,0,False
wavelet-LHH_glcm_Idmn,0.6612964815505442,22,0.20183177294855306,8,False,0,False
wavelet-LHH_glcm_Idn,0.6592338481299197,22,0.2216900189681578,8,False,0,False
wavelet-LHH_glcm_Imc1,0.5058590325731659,22,0.6236188598212273,8,False,0,False
wavelet-LHH_glcm_Imc2,0.8078742345598412,22,0.6143524062629503,8,True,0,True
wavelet-LHH_glcm_InverseVariance,0.6747093299042922,22,-0.5409946195906646,8,False,0,False
wavelet-LHH_glcm_JointAverage,0.6142869174766353,22,-0.048555866881257584,8,False,0,False
wavelet-LHH_glcm_JointEnergy,0.4071069434848448,22,-0.6736780229051469,8,False,0,False
wavelet-LHH_glcm_JointEntropy,0.6675490313547685,22,-0.5962169341018314,8,False,0,False
wavelet-LHH_glcm_MCC,0.5045838362354664,22,0.7399377987461768,8,False,0,False
wavelet-LHH_glcm_MaximumProbability,0.40177531478392314,22,-0.6858823312465552,8,False,0,False
wavelet-LHH_glcm_SumAverage,0.6142869174766353,22,-0.04855586688125678,8,False,0,False
wavelet-LHH_glcm_SumEntropy,0.6693760450596469,22,-0.6022147290550101,8,False,0,False
wavelet-LHH_glcm_SumSquares,0.7956067236795747,22,-0.3033533246940976,8,True,0,True
wavelet-LHH_glrlm_GrayLevelNonUniformity,0.788194806804266,22,0.5046462610510438,8,True,0,True
wavelet-LHH_glrlm_GrayLevelNonUniformityNormalized,0.5953761495256842,22,-0.6160513082753092,8,False,0,False
wavelet-LHH_glrlm_GrayLevelVariance,0.7828631855930119,22,-0.30357694730663665,8,True,0,True
wavelet-LHH_glrlm_HighGrayLevelRunEmphasis,0.5498613075083891,22,-0.060174672987764834,8,False,0,False
wavelet-LHH_glrlm_LongRunEmphasis,0.3496963706804939,22,-0.5314851928088813,8,False,0,False
wavelet-LHH_glrlm_LongRunHighGrayLevelEmphasis,0.5378767629372765,22,0.04071826895205231,8,False,0,False
wavelet-LHH_glrlm_LongRunLowGrayLevelEmphasis,0.3547885620933937,22,0.11365590693318423,8,False,0,False
wavelet-LHH_glrlm_LowGrayLevelRunEmphasis,0.42471534845455383,22,0.19119253917668516,8,False,0,False
wavelet-LHH_glrlm_RunEntropy,0.688156723663363,22,-0.44236132870487155,8,False,0,False
wavelet-LHH_glrlm_RunLengthNonUniformity,0.711202200354292,22,0.5637770436158093,8,False,0,False
wavelet-LHH_glrlm_RunLengthNonUniformityNormalized,0.5961507336294202,22,-0.4172774567402966,8,False,0,False
wavelet-LHH_glrlm_RunPercentage,0.5305974997948548,22,-0.4623778619350831,8,False,0,False
wavelet-LHH_glrlm_RunVariance,0.2773245484934503,22,-0.5609817886971866,8,False,0,False
wavelet-LHH_glrlm_ShortRunEmphasis,0.5452349134147164,22,-0.43935592238291804,8,False,0,False
wavelet-LHH_glrlm_ShortRunHighGrayLevelEmphasis,0.553275957030293,22,-0.07387656400912364,8,False,0,False
wavelet-LHH_glrlm_ShortRunLowGrayLevelEmphasis,0.43515108256857615,22,0.20659135822460203,8,False,0,False
wavelet-LHH_glszm_GrayLevelNonUniformity,0.7433939408339645,22,0.638284736726226,8,False,0,False
wavelet-LHH_glszm_GrayLevelNonUniformityNormalized,0.5299336701113215,22,-0.31211787391047435,8,False,0,False
wavelet-LHH_glszm_GrayLevelVariance,0.6830890254829196,22,-0.22169770300526773,8,False,0,False
wavelet-LHH_glszm_HighGrayLevelZoneEmphasis,0.5500821356602574,22,-0.050391013129789226,8,False,0,False
wavelet-LHH_glszm_LargeAreaEmphasis,0.35375814228395297,22,0.3273005869437013,8,False,0,False
wavelet-LHH_glszm_LargeAreaHighGrayLevelEmphasis,0.8955746736434684,22,0.4017695514382164,8,True,0,True
wavelet-LHH_glszm_LargeAreaLowGrayLevelEmphasis,0.04982816828612103,22,0.48365919287540277,8,False,0,False
wavelet-LHH_glszm_LowGrayLevelZoneEmphasis,0.36207477511661496,22,0.3214960005736002,8,False,0,False
wavelet-LHH_glszm_SizeZoneNonUniformity,0.6569212626019479,22,0.4598495014025101,8,False,0,False
wavelet-LHH_glszm_SizeZoneNonUniformityNormalized,0.42032350342059843,22,0.17965979152629769,8,False,0,False
wavelet-LHH_glszm_SmallAreaEmphasis,0.34637257207809663,22,0.1484826285853222,8,False,0,False
wavelet-LHH_glszm_SmallAreaHighGrayLevelEmphasis,0.5558521907480596,22,-0.03189700610073315,8,False,0,False
wavelet-LHH_glszm_SmallAreaLowGrayLevelEmphasis,0.36721397391411464,22,0.395033835088294,8,False,0,False
wavelet-LHH_glszm_ZoneEntropy,0.5915646617232426,22,-0.20274113778975758,8,False,0,False
wavelet-LHH_glszm_ZonePercentage,0.8021909998959378,22,-0.333802917452558,8,True,0,True
wavelet-LHH_glszm_ZoneVariance,0.35423835563835543,22,0.3291333329118289,8,False,0,False
wavelet-LHH_gldm_DependenceEntropy,0.5723297508360482,22,-0.1671450642576133,8,False,0,False
wavelet-LHH_gldm_DependenceNonUniformity,0.6777584290298458,22,0.43253685127290187,8,False,0,False
wavelet-LHH_gldm_DependenceNonUniformityNormalized,0.8025842376541054,22,-0.4051449869160035,8,True,0,True
wavelet-LHH_gldm_DependenceVariance,0.32694848404761834,22,-0.45524761186981627,8,False,0,False
wavelet-LHH_gldm_GrayLevelNonUniformity,0.7703345461318731,22,0.4810041691734693,8,True,0,True
wavelet-LHH_gldm_GrayLevelVariance,0.7890784349894955,22,-0.30832209494363394,8,True,0,True
wavelet-LHH_gldm_HighGrayLevelEmphasis,0.5497919870016312,22,-0.06044499046451092,8,False,0,False
wavelet-LHH_gldm_LargeDependenceEmphasis,0.3666920881630799,22,-0.4743085420559705,8,False,0,False
wavelet-LHH_gldm_LargeDependenceHighGrayLevelEmphasis,0.5661426348135338,22,0.3074972514821455,8,False,0,False
wavelet-LHH_gldm_LargeDependenceLowGrayLevelEmphasis,0.22183360228694304,22,0.026573444757570088,8,False,0,False
wavelet-LHH_gldm_LowGrayLevelEmphasis,0.42961310455978985,22,0.18542200177148863,8,False,0,False
wavelet-LHH_gldm_SmallDependenceEmphasis,0.7717893661775441,22,-0.36321546130138627,8,True,0,True
wavelet-LHH_gldm_SmallDependenceHighGrayLevelEmphasis,0.6111344683010139,22,-0.10882289090867461,8,False,0,False
wavelet-LHH_gldm_SmallDependenceLowGrayLevelEmphasis,0.4733021588445616,22,0.30874861702526113,8,False,0,False
wavelet-LHH_ngtdm_Busyness,0.477986997325039,22,0.5098502575792885,8,False,0,False
wavelet-LHH_ngtdm_Coarseness,0.6868952727579012,22,0.18163943509140468,8,False,0,False
wavelet-LHH_ngtdm_Complexity,0.5969028996799982,22,-0.04198997207024644,8,False,0,False
wavelet-LHH_ngtdm_Contrast,0.8819791296875711,22,-0.5089453765047217,8,True,0,True
wavelet-LHH_ngtdm_Strength,0.9293591582586543,22,0.056466875812667204,8,True,0,True
wavelet-HLL_firstorder_10Percentile,0.7943322084188893,22,0.7458229910670647,8,True,0,True
wavelet-HLL_firstorder_90Percentile,0.658732231161998,22,0.798405939446429,8,False,0,False
wavelet-HLL_firstorder_Energy,0.45972497878125823,22,0.4708610099588962,8,False,0,False
wavelet-HLL_firstorder_Entropy,0.7235252458999364,22,0.7112574599596677,8,False,0,False
wavelet-HLL_firstorder_InterquartileRange,0.7887630528635463,22,0.8251669893844846,8,True,0,True
wavelet-HLL_firstorder_Kurtosis,0.5534724693228166,22,-0.07734552159265141,8,False,0,False
wavelet-HLL_firstorder_Maximum,0.5495733209553331,22,0.15316379044571005,8,False,0,False
wavelet-HLL_firstorder_MeanAbsoluteDeviation,0.7026046523449168,22,0.7523266853599919,8,False,0,False
wavelet-HLL_firstorder_Mean,0.17369886703558665,22,0.7110766444740442,8,False,0,False
wavelet-HLL_firstorder_Median,0.4214637453590968,22,0.7703444994074129,8,False,0,False
wavelet-HLL_firstorder_Minimum,0.5736362394193858,22,0.41779144571677057,8,False,0,False
wavelet-HLL_firstorder_Range,0.5733068236015051,22,0.2978431133005457,8,False,0,False
wavelet-HLL_firstorder_RobustMeanAbsoluteDeviation,0.7798891397704756,22,0.8097059117496153,8,True,0,True
wavelet-HLL_firstorder_RootMeanSquared,0.6331186971299855,22,0.6455761758596135,8,False,0,False
wavelet-HLL_firstorder_Skewness,0.5060166461984725,22,0.583313569778645,8,False,0,False
wavelet-HLL_firstorder_TotalEnergy,0.4597249787812581,22,0.4708610099588959,8,False,0,False
wavelet-HLL_firstorder_Uniformity,0.8175897150123645,22,0.7343753075638721,8,True,0,True
wavelet-HLL_firstorder_Variance,0.6151240839045976,22,0.6408681477117034,8,False,0,False
wavelet-HLL_glcm_Autocorrelation,0.5687101119404128,22,0.34730345457960743,8,False,0,False
wavelet-HLL_glcm_ClusterProminence,0.3382585272170155,22,0.16583515483375408,8,False,0,False
wavelet-HLL_glcm_ClusterShade,0.1896004118660571,22,0.5311457041393747,8,False,0,False
wavelet-HLL_glcm_ClusterTendency,0.6010718129530833,22,0.5814605008632419,8,False,0,False
wavelet-HLL_glcm_Contrast,0.654840501225321,22,0.682966061728644,8,False,0,False
wavelet-HLL_glcm_Correlation,0.6039673171991051,22,-0.19663027640868516,8,False,0,False
wavelet-HLL_glcm_DifferenceAverage,0.7332908092175063,22,0.7319773256478913,8,False,0,False
wavelet-HLL_glcm_DifferenceEntropy,0.7358934870773173,22,0.6956106530873669,8,False,0,False
wavelet-HLL_glcm_DifferenceVariance,0.5478887447863584,22,0.5450609011971705,8,False,0,False
wavelet-HLL_glcm_Id,0.8156243909702632,22,0.7288951884891413,8,True,0,True
wavelet-HLL_glcm_Idm,0.827311466295762,22,0.7295186896974482,8,True,0,True
wavelet-HLL_glcm_Idmn,0.637344107729064,22,-0.18297790022011087,8,False,0,False
wavelet-HLL_glcm_Idn,0.6013387370161036,22,-0.15558166604422344,8,False,0,False
wavelet-HLL_glcm_Imc1,0.7977167335142996,22,0.11568054279034184,8,True,0,True
wavelet-HLL_glcm_Imc2,0.7949804516604638,22,0.3903992234763179,8,True,0,True
wavelet-HLL_glcm_InverseVariance,0.8098574809306882,22,0.7505874084400121,8,True,0,True
wavelet-HLL_glcm_JointAverage,0.5683050898716097,22,0.3872446473227495,8,False,0,False
wavelet-HLL_glcm_JointEnergy,0.8495105335786929,22,0.7191152501903663,8,True,0,True
wavelet-HLL_glcm_JointEntropy,0.7397688003686518,22,0.7336933418865528,8,False,0,False
wavelet-HLL_glcm_MCC,0.33209697644282354,22,0.22202764080350257,8,False,0,False
wavelet-HLL_glcm_MaximumProbability,0.8582608221753874,22,0.7235736079334488,8,True,0,True
wavelet-HLL_glcm_SumAverage,0.56830508987161,22,0.3872446473227488,8,False,0,False
wavelet-HLL_glcm_SumEntropy,0.724709791497824,22,0.689672637606398,8,False,0,False
wavelet-HLL_glcm_SumSquares,0.6246003236519253,22,0.6754677842747564,8,False,0,False
wavelet-HLL_glrlm_GrayLevelNonUniformity,0.8146744359899681,22,0.6253549429046951,8,True,0,True
wavelet-HLL_glrlm_GrayLevelNonUniformityNormalized,0.8056300723471264,22,0.7043459761745339,8,True,0,True
wavelet-HLL_glrlm_GrayLevelVariance,0.6047160839925153,22,0.5990557196046171,8,False,0,False
wavelet-HLL_glrlm_HighGrayLevelRunEmphasis,0.5700423722996025,22,0.3482977713802046,8,False,0,False
wavelet-HLL_glrlm_LongRunEmphasis,0.8966909490153216,22,0.5879253118281961,8,True,0,True
wavelet-HLL_glrlm_LongRunHighGrayLevelEmphasis,0.5504274740934894,22,0.20514696620415762,8,False,0,False
wavelet-HLL_glrlm_LongRunLowGrayLevelEmphasis,0.8496982962090672,22,0.3563397905365918,8,True,0,True
wavelet-HLL_glrlm_LowGrayLevelRunEmphasis,0.7914998454904957,22,0.27171585000631815,8,True,0,True
wavelet-HLL_glrlm_RunEntropy,0.6421511104259063,22,0.3774046184595459,8,False,0,False
wavelet-HLL_glrlm_RunLengthNonUniformity,0.7083215606388525,22,0.5692725520191056,8,False,0,False
wavelet-HLL_glrlm_RunLengthNonUniformityNormalized,0.8724962556144056,22,0.6547087895666376,8,True,0,True
wavelet-HLL_glrlm_RunPercentage,0.8832320335283599,22,0.6497725265016016,8,True,0,True
wavelet-HLL_glrlm_RunVariance,0.9023732791534801,22,0.5576106334958756,8,True,0,True
wavelet-HLL_glrlm_ShortRunEmphasis,0.8792720260715319,22,0.6543845796803692,8,True,0,True
wavelet-HLL_glrlm_ShortRunHighGrayLevelEmphasis,0.5749229905917853,22,0.37995425353526935,8,False,0,False
wavelet-HLL_glrlm_ShortRunLowGrayLevelEmphasis,0.7710417802367915,22,0.2486883984108258,8,True,0,True
wavelet-HLL_glszm_GrayLevelNonUniformity,0.7737808200402693,22,0.7018377501193912,8,True,0,True
wavelet-HLL_glszm_GrayLevelNonUniformityNormalized,0.7368608308026866,22,0.36465903537933203,8,False,0,False
wavelet-HLL_glszm_GrayLevelVariance,0.49103682700811824,22,0.20488874013931568,8,False,0,False
wavelet-HLL_glszm_HighGrayLevelZoneEmphasis,0.5677517206937438,22,0.32986368432503765,8,False,0,False
wavelet-HLL_glszm_LargeAreaEmphasis,0.7559644876036903,22,0.5904111548001953,8,True,0,True
wavelet-HLL_glszm_LargeAreaHighGrayLevelEmphasis,0.783312782586949,22,0.37459731395859475,8,True,0,True
wavelet-HLL_glszm_LargeAreaLowGrayLevelEmphasis,0.9682091666859316,22,0.5075969315624551,8,True,0,True
wavelet-HLL_glszm_LowGrayLevelZoneEmphasis,0.8552827340159608,22,0.27004112738116764,8,True,0,True
wavelet-HLL_glszm_SizeZoneNonUniformity,0.6306889633249039,22,0.6111996983854266,8,False,0,False
wavelet-HLL_glszm_SizeZoneNonUniformityNormalized,0.6124232449085982,22,0.376181415060485,8,False,0,False
wavelet-HLL_glszm_SmallAreaEmphasis,0.6145179506915026,22,0.3711755885749791,8,False,0,False
wavelet-HLL_glszm_SmallAreaHighGrayLevelEmphasis,0.5785258329258388,22,0.33298768244071886,8,False,0,False
wavelet-HLL_glszm_SmallAreaLowGrayLevelEmphasis,0.8624374211511183,22,0.2613899857000026,8,True,0,True
wavelet-HLL_glszm_ZoneEntropy,0.6046498469675363,22,0.10619452834138982,8,False,0,False
wavelet-HLL_glszm_ZonePercentage,0.8314273553650147,22,0.385911596277385,8,True,0,True
wavelet-HLL_glszm_ZoneVariance,0.7542049673754379,22,0.5904749949770887,8,True,0,True
wavelet-HLL_gldm_DependenceEntropy,0.5460458129992118,22,0.0671026440671395,8,False,0,False
wavelet-HLL_gldm_DependenceNonUniformity,0.6680235262898474,22,0.5842382390182659,8,False,0,False
wavelet-HLL_gldm_DependenceNonUniformityNormalized,0.867550262895918,22,0.5152957881072562,8,True,0,True
wavelet-HLL_gldm_DependenceVariance,0.8924584983059833,22,0.6488561711365742,8,True,0,True
wavelet-HLL_gldm_GrayLevelNonUniformity,0.811114935252889,22,0.6239644165724628,8,True,0,True
wavelet-HLL_gldm_GrayLevelVariance,0.6146580370456989,22,0.6464350541641025,8,False,0,False
wavelet-HLL_gldm_HighGrayLevelEmphasis,0.5702874822705726,22,0.3496931237682718,8,False,0,False
wavelet-HLL_gldm_LargeDependenceEmphasis,0.8997448258444493,22,0.6867241367129113,8,True,0,True
wavelet-HLL_gldm_LargeDependenceHighGrayLevelEmphasis,0.5334239280057775,22,0.06355197759729415,8,False,0,False
wavelet-HLL_gldm_LargeDependenceLowGrayLevelEmphasis,0.88761282360023,22,0.45724119507731814,8,True,0,True
wavelet-HLL_gldm_LowGrayLevelEmphasis,0.7883842895096228,22,0.27335237985550576,8,True,0,True
wavelet-HLL_gldm_SmallDependenceEmphasis,0.8280946918519151,22,0.40558935772430155,8,True,0,True
wavelet-HLL_gldm_SmallDependenceHighGrayLevelEmphasis,0.6547587352309331,22,0.5067586001917647,8,False,0,False
wavelet-HLL_gldm_SmallDependenceLowGrayLevelEmphasis,0.6375649457870664,22,0.08451401958759584,8,False,0,False
wavelet-HLL_ngtdm_Busyness,0.7534051024982636,22,0.5802344569096671,8,True,0,True
wavelet-HLL_ngtdm_Coarseness,0.6872579732436254,22,0.30961477517535485,8,False,0,False
wavelet-HLL_ngtdm_Complexity,0.47915393577089,22,0.31351322932717585,8,False,0,False
wavelet-HLL_ngtdm_Contrast,0.8826726885558729,22,0.034083695008745224,8,True,0,True
wavelet-HLL_ngtdm_Strength,0.9067409248894973,22,0.7518747921602462,8,True,0,True
wavelet-HLH_firstorder_10Percentile,0.312196238469894,22,0.3341572369711862,8,False,0,False
wavelet-HLH_firstorder_90Percentile,0.3354472861824237,22,0.33283288192568494,8,False,0,False
wavelet-HLH_firstorder_Energy,0.24297824525524456,22,-0.03542830950414513,8,False,0,False
wavelet-HLH_firstorder_Entropy,0.4897209923136963,22,0.39314334068114426,8,False,0,False
wavelet-HLH_firstorder_InterquartileRange,0.34704249665309644,22,0.33359616552402926,8,False,0,False
wavelet-HLH_firstorder_Kurtosis,0.6556141783054946,22,0.015487661943180735,8,False,0,False
wavelet-HLH_firstorder_Maximum,0.09474946711828602,22,-0.09439634237484638,8,False,0,False
wavelet-HLH_firstorder_MeanAbsoluteDeviation,0.3106895793312717,22,0.3213917174402408,8,False,0,False
wavelet-HLH_firstorder_Mean,0.2099572110308297,22,0.3111013492676425,8,False,0,False
wavelet-HLH_firstorder_Median,0.21435375684580546,22,0.34956142932508233,8,False,0,False
wavelet-HLH_firstorder_Minimum,0.37262200485604063,22,-0.015817927000906413,8,False,0,False
wavelet-HLH_firstorder_Range,0.22189717218005,22,-0.03825792972350434,8,False,0,False
wavelet-HLH_firstorder_RobustMeanAbsoluteDeviation,0.33626723653883783,22,0.33124376468186606,8,False,0,False
wavelet-HLH_firstorder_RootMeanSquared,0.29291806813132054,22,0.3053140173279338,8,False,0,False
wavelet-HLH_firstorder_Skewness,0.6431476464024894,22,0.015118954224887233,8,False,0,False
wavelet-HLH_firstorder_TotalEnergy,0.24297824525524422,22,-0.03542830950414504,8,False,0,False
wavelet-HLH_firstorder_Uniformity,0.5925434297431911,22,0.4440598132814639,8,False,0,False
wavelet-HLH_firstorder_Variance,0.11723845983648794,22,0.21405003832420533,8,False,0,False
wavelet-HLH_glcm_Autocorrelation,0.22939167318440307,22,-0.013881838990453846,8,False,0,False
wavelet-HLH_glcm_ClusterProminence,0.007590245844042087,22,0.056128723308611204,8,False,0,False
wavelet-HLH_glcm_ClusterShade,0.5301467594597262,22,-0.027784845057050343,8,False,0,False
wavelet-HLH_glcm_ClusterTendency,0.14088417683980978,22,0.23544226507461538,8,False,0,False
wavelet-HLH_glcm_Contrast,0.11875846515995607,22,0.23602891736286472,8,False,0,False
wavelet-HLH_glcm_Correlation,0.6529267166665382,22,0.4003487391885529,8,False,0,False
wavelet-HLH_glcm_DifferenceAverage,0.33184210909173667,22,0.3480025846781093,8,False,0,False
wavelet-HLH_glcm_DifferenceEntropy,0.510137194531948,22,0.40722547493549416,8,False,0,False
wavelet-HLH_glcm_DifferenceVariance,0.1076435551510616,22,0.2138322775289585,8,False,0,False
wavelet-HLH_glcm_Id,0.6196586126471144,22,0.4418722343750964,8,False,0,False
wavelet-HLH_glcm_Idm,0.6452765152564166,22,0.45284849555186807,8,False,0,False
wavelet-HLH_glcm_Idmn,0.4418478290049593,22,0.0823130047171994,8,False,0,False
wavelet-HLH_glcm_Idn,0.4403174389268924,22,0.08595938336769958,8,False,0,False
wavelet-HLH_glcm_Imc1,0.6609171816563547,22,0.6341561110781483,8,False,0,False
wavelet-HLH_glcm_Imc2,0.6730545518879958,22,0.6379115354383158,8,False,0,False
wavelet-HLH_glcm_InverseVariance,0.6358383349699802,22,0.45676734002004904,8,False,0,False
wavelet-HLH_glcm_JointAverage,0.3675511283519546,22,0.0025059037174577593,8,False,0,False
wavelet-HLH_glcm_JointEnergy,0.5949689539485764,22,0.46564321815912046,8,False,0,False
wavelet-HLH_glcm_JointEntropy,0.5267287827648807,22,0.3988768856309403,8,False,0,False
wavelet-HLH_glcm_MCC,0.6939819492694682,22,0.30493390330065734,8,False,0,False
wavelet-HLH_glcm_MaximumProbability,0.6358229022997129,22,0.42226338002911123,8,False,0,False
wavelet-HLH_glcm_SumAverage,0.36755112835195564,22,0.002505903717457855,8,False,0,False
wavelet-HLH_glcm_SumEntropy,0.5207652609526078,22,0.4145079632888924,8,False,0,False
wavelet-HLH_glcm_SumSquares,0.1293895041182856,22,0.23575488890779286,8,False,0,False
wavelet-HLH_glrlm_GrayLevelNonUniformity,0.8070692081408719,22,0.6562855532169268,8,True,0,True
wavelet-HLH_glrlm_GrayLevelNonUniformityNormalized,0.5807057738576487,22,0.44170572260774077,8,False,0,False
wavelet-HLH_glrlm_GrayLevelVariance,0.11756468996596486,22,0.20734939708830002,8,False,0,False
wavelet-HLH_glrlm_HighGrayLevelRunEmphasis,0.22546375024628873,22,-0.009590530287260259,8,False,0,False
wavelet-HLH_glrlm_LongRunEmphasis,0.7168272188582645,22,0.5448416660062404,8,False,0,False
wavelet-HLH_glrlm_LongRunHighGrayLevelEmphasis,0.2296563673623105,22,-0.05692696754778101,8,False,0,False
wavelet-HLH_glrlm_LongRunLowGrayLevelEmphasis,0.513069244998354,22,0.5522207764476547,8,False,0,False
wavelet-HLH_glrlm_LowGrayLevelRunEmphasis,0.49964939840499706,22,0.4716593119067755,8,False,0,False
wavelet-HLH_glrlm_RunEntropy,0.4230543692726049,22,0.2768879608795316,8,False,0,False
wavelet-HLH_glrlm_RunLengthNonUniformity,0.7065161865476551,22,0.4700554812235672,8,False,0,False
wavelet-HLH_glrlm_RunLengthNonUniformityNormalized,0.6992942988052809,22,0.5709654791232306,8,False,0,False
wavelet-HLH_glrlm_RunPercentage,0.7146370365114426,22,0.5570800690082005,8,False,0,False
wavelet-HLH_glrlm_RunVariance,0.7298725805384989,22,0.5198505941834964,8,False,0,False
wavelet-HLH_glrlm_ShortRunEmphasis,0.7010423086674035,22,0.5739952217864532,8,False,0,False
wavelet-HLH_glrlm_ShortRunHighGrayLevelEmphasis,0.2233285591900745,22,-0.0008848047558760045,8,False,0,False
wavelet-HLH_glrlm_ShortRunLowGrayLevelEmphasis,0.4950411666045512,22,0.44169304123282516,8,False,0,False
wavelet-HLH_glszm_GrayLevelNonUniformity,0.7476695964512431,22,0.6100212555914207,8,False,0,False
wavelet-HLH_glszm_GrayLevelNonUniformityNormalized,0.5108505845024531,22,0.4433063233799525,8,False,0,False
wavelet-HLH_glszm_GrayLevelVariance,0.12392843638280689,22,0.1301164602752027,8,False,0,False
wavelet-HLH_glszm_HighGrayLevelZoneEmphasis,0.22467349998747962,22,-0.010417573193390301,8,False,0,False
wavelet-HLH_glszm_LargeAreaEmphasis,0.550401478625448,22,0.4353939456685053,8,False,0,False
wavelet-HLH_glszm_LargeAreaHighGrayLevelEmphasis,0.7066640533445508,22,0.4812792056384455,8,False,0,False
wavelet-HLH_glszm_LargeAreaLowGrayLevelEmphasis,0.6168939521554875,22,0.5480930161898367,8,False,0,False
wavelet-HLH_glszm_LowGrayLevelZoneEmphasis,0.4807956811734891,22,0.5778644528785198,8,False,0,False
wavelet-HLH_glszm_SizeZoneNonUniformity,0.5720345936130302,22,0.12231549716949572,8,False,0,False
wavelet-HLH_glszm_SizeZoneNonUniformityNormalized,0.09670448734770516,22,0.22600309175259928,8,False,0,False
wavelet-HLH_glszm_SmallAreaEmphasis,0.1071946652980655,22,0.21189688636450946,8,False,0,False
wavelet-HLH_glszm_SmallAreaHighGrayLevelEmphasis,0.1941649414882016,22,-0.011733945324401746,8,False,0,False
wavelet-HLH_glszm_SmallAreaLowGrayLevelEmphasis,0.47090707258321235,22,0.5339690998248069,8,False,0,False
wavelet-HLH_glszm_ZoneEntropy,0.5097466248389636,22,0.39217614742423135,8,False,0,False
wavelet-HLH_glszm_ZonePercentage,0.6185040523086194,22,0.5957800632655995,8,False,0,False
wavelet-HLH_glszm_ZoneVariance,0.5498778818504824,22,0.4347936365990834,8,False,0,False
wavelet-HLH_gldm_DependenceEntropy,0.34536265222917417,22,0.17295011116269274,8,False,0,False
wavelet-HLH_gldm_DependenceNonUniformity,0.6364567659704397,22,0.18714130298019188,8,False,0,False
wavelet-HLH_gldm_DependenceNonUniformityNormalized,0.5684328055685582,22,0.4982474816473883,8,False,0,False
wavelet-HLH_gldm_DependenceVariance,0.7861936608216339,22,0.48685393811068356,8,True,0,True
wavelet-HLH_gldm_GrayLevelNonUniformity,0.8061214466950739,22,0.6398205705817325,8,True,0,True
wavelet-HLH_gldm_GrayLevelVariance,0.11720847506377309,22,0.21197537268653086,8,False,0,False
wavelet-HLH_gldm_HighGrayLevelEmphasis,0.22548285285916325,22,-0.009603847936702116,8,False,0,False
wavelet-HLH_gldm_LargeDependenceEmphasis,0.7251554385921839,22,0.5517805074993297,8,False,0,False
wavelet-HLH_gldm_LargeDependenceHighGrayLevelEmphasis,0.2789776079808345,22,-0.2816632463380819,8,False,0,False
wavelet-HLH_gldm_LargeDependenceLowGrayLevelEmphasis,0.5300738299029256,22,0.6085152847740264,8,False,0,False
wavelet-HLH_gldm_LowGrayLevelEmphasis,0.5008317908581456,22,0.46383781880880814,8,False,0,False
wavelet-HLH_gldm_SmallDependenceEmphasis,0.5811246278633299,22,0.5628377360453959,8,False,0,False
wavelet-HLH_gldm_SmallDependenceHighGrayLevelEmphasis,0.16016864954926707,22,0.04678495865986649,8,False,0,False
wavelet-HLH_gldm_SmallDependenceLowGrayLevelEmphasis,0.4019206199639327,22,0.010854818669375288,8,False,0,False
wavelet-HLH_ngtdm_Busyness,0.7949107720894172,22,0.3694101680234278,8,True,0,True
wavelet-HLH_ngtdm_Coarseness,0.6916625166427081,22,0.20581748876841108,8,False,0,False
wavelet-HLH_ngtdm_Complexity,0.04869435497847199,22,0.037319954806522164,8,False,0,False
wavelet-HLH_ngtdm_Contrast,0.43428190306374853,22,0.7245621601543603,8,False,0,False
wavelet-HLH_ngtdm_Strength,0.7645009010242728,22,0.4564594337152627,8,True,0,True
wavelet-HHL_firstorder_10Percentile,0.7037493699766891,22,-0.6442448866304832,8,False,0,False
wavelet-HHL_firstorder_90Percentile,0.7088711846088387,22,-0.6536303772726395,8,False,0,False
wavelet-HHL_firstorder_Energy,0.5476027365580884,22,0.5763583958883451,8,False,0,False
wavelet-HHL_firstorder_Entropy,0.5104233093205074,22,-0.5475192188909004,8,False,0,False
wavelet-HHL_firstorder_InterquartileRange,0.7156922166496216,22,-0.6048350355703479,8,False,0,False
wavelet-HHL_firstorder_Kurtosis,0.5936959944122356,22,0.01583634730131862,8,False,0,False
wavelet-HHL_firstorder_Maximum,0.6770972901160048,22,-0.11104998419051058,8,False,0,False
wavelet-HHL_firstorder_MeanAbsoluteDeviation,0.7059247169896651,22,-0.6542973766893101,8,False,0,False
wavelet-HHL_firstorder_Mean,-0.3988207037993662,22,0.525111184745544,8,False,0,False
wavelet-HHL_firstorder_Median,0.3449942026610226,22,0.4098518916637302,8,False,0,False
wavelet-HHL_firstorder_Minimum,0.5556158286071998,22,-0.7208386012213776,8,False,0,False
wavelet-HHL_firstorder_Range,0.6358229622979908,22,-0.5530690872386673,8,False,0,False
wavelet-HHL_firstorder_RobustMeanAbsoluteDeviation,0.7120175251145865,22,-0.6227119401695997,8,False,0,False
wavelet-HHL_firstorder_RootMeanSquared,0.697011492958774,22,-0.6632389964468146,8,False,0,False
wavelet-HHL_firstorder_Skewness,0.7344403568222432,22,0.49294374819891834,8,False,0,False
wavelet-HHL_firstorder_TotalEnergy,0.5476027365580884,22,0.5763583958883457,8,False,0,False
wavelet-HHL_firstorder_Uniformity,0.21819636941295661,22,-0.36701176377731215,8,False,0,False
wavelet-HHL_firstorder_Variance,0.7531178301209631,22,-0.5337917716227089,8,True,0,True
wavelet-HHL_glcm_Autocorrelation,0.40360148105159316,22,-0.5660959664756519,8,False,0,False
wavelet-HHL_glcm_ClusterProminence,0.5180137461178654,22,-0.3126351880335643,8,False,0,False
wavelet-HHL_glcm_ClusterShade,-0.014781341841091724,22,0.683399242117968,8,False,0,False
wavelet-HHL_glcm_ClusterTendency,0.7613509969892961,22,-0.5228517236497383,8,True,0,True
wavelet-HHL_glcm_Contrast,0.7725833375792144,22,-0.5155265403926995,8,True,0,True
wavelet-HHL_glcm_Correlation,0.12686158955527005,22,-0.139771777586993,8,False,0,False
wavelet-HHL_glcm_DifferenceAverage,0.7175713339438021,22,-0.6529132044206838,8,False,0,False
wavelet-HHL_glcm_DifferenceEntropy,0.5361295474437023,22,-0.599016810971388,8,False,0,False
wavelet-HHL_glcm_DifferenceVariance,0.7288601507403784,22,-0.5578001686869817,8,False,0,False
wavelet-HHL_glcm_Id,0.4204691340766862,22,-0.5329810502522855,8,False,0,False
wavelet-HHL_glcm_Idm,0.38262377937331193,22,-0.5206578302665645,8,False,0,False
wavelet-HHL_glcm_Idmn,0.449522441612357,22,0.08441361781020089,8,False,0,False
wavelet-HHL_glcm_Idn,0.4894842420762329,22,0.12990404442915984,8,False,0,False
wavelet-HHL_glcm_Imc1,0.8937796103311675,22,-0.5309185176078687,8,True,0,True
wavelet-HHL_glcm_Imc2,0.7636932554897894,22,-0.6202618128591519,8,True,0,True
wavelet-HHL_glcm_InverseVariance,0.6649324597075826,22,-0.17824021648438437,8,False,0,False
wavelet-HHL_glcm_JointAverage,0.547167130625163,22,-0.6554897667060697,8,False,0,False
wavelet-HHL_glcm_JointEnergy,0.04314334745775637,22,-0.20165688432089687,8,False,0,False
wavelet-HHL_glcm_JointEntropy,0.5002407373910035,22,-0.565906801137898,8,False,0,False
wavelet-HHL_glcm_MCC,0.41845127208544436,22,-0.20058276384022253,8,False,0,False
wavelet-HHL_glcm_MaximumProbability,0.11605462463560794,22,-0.3199111745165687,8,False,0,False
wavelet-HHL_glcm_SumAverage,0.5471671306251635,22,-0.6554897667060691,8,False,0,False
wavelet-HHL_glcm_SumEntropy,0.5273258825160564,22,-0.5871662464394604,8,False,0,False
wavelet-HHL_glcm_SumSquares,0.7671671270555813,22,-0.5194468217371763,8,True,0,True
wavelet-HHL_glrlm_GrayLevelNonUniformity,0.5743840413888939,22,0.25423175869501385,8,False,0,False
wavelet-HHL_glrlm_GrayLevelNonUniformityNormalized,0.22124849535417787,22,-0.33663890072912667,8,False,0,False
wavelet-HHL_glrlm_GrayLevelVariance,0.7486559093780027,22,-0.5623458937068052,8,False,0,False
wavelet-HHL_glrlm_HighGrayLevelRunEmphasis,0.4084888320632875,22,-0.5696578735017466,8,False,0,False
wavelet-HHL_glrlm_LongRunEmphasis,0.025660016560589523,22,-0.1841863304708536,8,False,0,False
wavelet-HHL_glrlm_LongRunHighGrayLevelEmphasis,0.41767133744415685,22,-0.4695557749771295,8,False,0,False
wavelet-HHL_glrlm_LongRunLowGrayLevelEmphasis,0.015254157624723957,22,-0.03199331517765118,8,False,0,False
wavelet-HHL_glrlm_LowGrayLevelRunEmphasis,0.2088770123254806,22,-0.09351564810728853,8,False,0,False
wavelet-HHL_glrlm_RunEntropy,0.6570910275002559,22,-0.6029306407565913,8,False,0,False
wavelet-HHL_glrlm_RunLengthNonUniformity,0.7219390094613276,22,0.710743408076075,8,False,0,False
wavelet-HHL_glrlm_RunLengthNonUniformityNormalized,0.2518231291045813,22,-0.43494634809413146,8,False,0,False
wavelet-HHL_glrlm_RunPercentage,0.18012910254216247,22,-0.37481878122219303,8,False,0,False
wavelet-HHL_glrlm_RunVariance,0.02778169889491272,22,-0.19875581921921992,8,False,0,False
wavelet-HHL_glrlm_ShortRunEmphasis,0.14257073535795572,22,-0.3252420014107383,8,False,0,False
wavelet-HHL_glrlm_ShortRunHighGrayLevelEmphasis,0.4066897889717003,22,-0.5666549526762495,8,False,0,False
wavelet-HHL_glrlm_ShortRunLowGrayLevelEmphasis,0.30877660338439616,22,-0.12985793431774736,8,False,0,False
wavelet-HHL_glszm_GrayLevelNonUniformity,0.7417200653384539,22,0.7724167983819289,8,False,0,False
wavelet-HHL_glszm_GrayLevelNonUniformityNormalized,0.1562024500717346,22,-0.3378660051159627,8,False,0,False
wavelet-HHL_glszm_GrayLevelVariance,0.6634090442142525,22,-0.47127456284389124,8,False,0,False
wavelet-HHL_glszm_HighGrayLevelZoneEmphasis,0.40922897615399717,22,-0.5706636687870627,8,False,0,False
wavelet-HHL_glszm_LargeAreaEmphasis,-0.007642576651925486,22,-0.01769937199883413,8,False,0,False
wavelet-HHL_glszm_LargeAreaHighGrayLevelEmphasis,0.38644984337944466,22,0.06920368255833587,8,False,0,False
wavelet-HHL_glszm_LargeAreaLowGrayLevelEmphasis,-0.0021030596304124722,22,-0.0010587984244234743,8,False,0,False
wavelet-HHL_glszm_LowGrayLevelZoneEmphasis,0.18769311460280788,22,-0.05791027874392581,8,False,0,False
wavelet-HHL_glszm_SizeZoneNonUniformity,0.6577922835601757,22,0.6600946712756032,8,False,0,False
wavelet-HHL_glszm_SizeZoneNonUniformityNormalized,0.26395801584132417,22,-0.29153015720985287,8,False,0,False
wavelet-HHL_glszm_SmallAreaEmphasis,0.17592764376589407,22,-0.30337656648973765,8,False,0,False
wavelet-HHL_glszm_SmallAreaHighGrayLevelEmphasis,0.40862109225030524,22,-0.5609074241096406,8,False,0,False
wavelet-HHL_glszm_SmallAreaLowGrayLevelEmphasis,0.3438030071489261,22,-0.06976132600799892,8,False,0,False
wavelet-HHL_glszm_ZoneEntropy,0.5298992760261886,22,-0.42836739300428023,8,False,0,False
wavelet-HHL_glszm_ZonePercentage,0.7350743375975365,22,-0.5390332342229324,8,False,0,False
wavelet-HHL_glszm_ZoneVariance,-0.0076622054425415555,22,-0.018216256936451063,8,False,0,False
wavelet-HHL_gldm_DependenceEntropy,0.5390799207716953,22,-0.28571858253264576,8,False,0,False
wavelet-HHL_gldm_DependenceNonUniformity,0.6937947442572909,22,0.679466432977985,8,False,0,False
wavelet-HHL_gldm_DependenceNonUniformityNormalized,0.7446407148517441,22,-0.2064473023160627,8,False,0,False
wavelet-HHL_gldm_DependenceVariance,0.21525716287208235,22,-0.23579632523264255,8,False,0,False
wavelet-HHL_gldm_GrayLevelNonUniformity,0.3534565205077772,22,0.04895205753459238,8,False,0,False
wavelet-HHL_gldm_GrayLevelVariance,0.7539841854153317,22,-0.5223825427791428,8,True,0,True
wavelet-HHL_gldm_HighGrayLevelEmphasis,0.40839791709697976,22,-0.5688725338113902,8,False,0,False
wavelet-HHL_gldm_LargeDependenceEmphasis,0.055016807545135826,22,-0.23630666532741174,8,False,0,False
wavelet-HHL_gldm_LargeDependenceHighGrayLevelEmphasis,0.5104219677301037,22,-0.009424540806844683,8,False,0,False
wavelet-HHL_gldm_LargeDependenceLowGrayLevelEmphasis,-0.0018166377141624955,22,-0.021329179268626916,8,False,0,False
wavelet-HHL_gldm_LowGrayLevelEmphasis,0.2112137705147713,22,-0.09356176715707777,8,False,0,False
wavelet-HHL_gldm_SmallDependenceEmphasis,0.6836827114463365,22,-0.5776249708358223,8,False,0,False
wavelet-HHL_gldm_SmallDependenceHighGrayLevelEmphasis,0.402791897181164,22,-0.3350906627293072,8,False,0,False
wavelet-HHL_gldm_SmallDependenceLowGrayLevelEmphasis,0.41240182329043384,22,0.43453352407393203,8,False,0,False
wavelet-HHL_ngtdm_Busyness,0.05065806248747396,22,-0.06054235198501369,8,False,0,False
wavelet-HHL_ngtdm_Coarseness,0.6730791069076925,22,0.10551685712589959,8,False,0,False
wavelet-HHL_ngtdm_Complexity,0.43187397371810526,22,-0.38379625508555765,8,False,0,False
wavelet-HHL_ngtdm_Contrast,0.6890210722726031,22,-0.14945284146035576,8,False,0,False
wavelet-HHL_ngtdm_Strength,0.9194874992466401,22,-0.3925050143444738,8,True,0,True
wavelet-HHH_firstorder_10Percentile,0.7315654684523829,22,-0.19111971072891631,8,False,0,False
wavelet-HHH_firstorder_90Percentile,0.7287473724583757,22,-0.19393572496686382,8,False,0,False
wavelet-HHH_firstorder_Energy,0.5747582518531409,22,0.03688626750189504,8,False,0,False
wavelet-HHH_firstorder_Entropy,0.5913989184020486,22,-0.32172546961812837,8,False,0,False
wavelet-HHH_firstorder_InterquartileRange,0.7300878989001285,22,-0.23563221961853464,8,False,0,False
wavelet-HHH_firstorder_Kurtosis,0.3797536135501214,22,0.44620701938399726,8,False,0,False
wavelet-HHH_firstorder_Maximum,0.6286273286511801,22,-0.14919360348132155,8,False,0,False
wavelet-HHH_firstorder_MeanAbsoluteDeviation,0.7301718064776469,22,-0.20376841856461622,8,False,0,False
wavelet-HHH_firstorder_Mean,0.054129861537918086,22,0.470524657992806,8,False,0,False
wavelet-HHH_firstorder_Median,0.14780380352696182,22,0.11878106559159649,8,False,0,False
wavelet-HHH_firstorder_Minimum,0.5302639957321587,22,0.20588907398015197,8,False,0,False
wavelet-HHH_firstorder_Range,0.6065212346773826,22,0.015906068403167554,8,False,0,False
wavelet-HHH_firstorder_RobustMeanAbsoluteDeviation,0.72589574614724,22,-0.22747425971260854,8,False,0,False
wavelet-HHH_firstorder_RootMeanSquared,0.7311353495804351,22,-0.1809248258166496,8,False,0,False
wavelet-HHH_firstorder_Skewness,0.32609799259427097,22,0.8535871777537197,8,False,0,False
wavelet-HHH_firstorder_TotalEnergy,0.5747582518531409,22,0.03688626750189496,8,False,0,False
wavelet-HHH_firstorder_Uniformity,0.36643868818323555,22,-0.4855860667960626,8,False,0,False
wavelet-HHH_firstorder_Variance,0.7959427122758793,22,-0.09995336801476967,8,True,0,True
wavelet-HHH_glcm_Autocorrelation,0.41726094314926904,22,0.1355157089047691,8,False,0,False
wavelet-HHH_glcm_ClusterProminence,0.7429221671064036,22,-0.028887783207533782,8,False,0,False
wavelet-HHH_glcm_ClusterShade,0.26507692013866346,22,0.2555246721873157,8,False,0,False
wavelet-HHH_glcm_ClusterTendency,0.8081338393521076,22,-0.10150027742202122,8,True,0,True
wavelet-HHH_glcm_Contrast,0.8088834735730492,22,-0.09991493031931999,8,True,0,True
wavelet-HHH_glcm_Correlation,0.4124292489384593,22,0.36189731688132937,8,False,0,False
wavelet-HHH_glcm_DifferenceAverage,0.7367124712882857,22,-0.19471560466905516,8,False,0,False
wavelet-HHH_glcm_DifferenceEntropy,0.6097671058813727,22,-0.3239569256109617,8,False,0,False
wavelet-HHH_glcm_DifferenceVariance,0.7930429073626544,22,-0.0989685481813338,8,True,0,True
wavelet-HHH_glcm_Id,0.49676767614857914,22,-0.376461972103768,8,False,0,False
wavelet-HHH_glcm_Idm,0.449526128568719,22,-0.39997103822804503,8,False,0,False
wavelet-HHH_glcm_Idmn,0.5011871849435954,22,0.04999865972873107,8,False,0,False
wavelet-HHH_glcm_Idn,0.44474891370634234,22,0.08403366839180147,8,False,0,False
wavelet-HHH_glcm_Imc1,0.6676643206850663,22,0.8044083623150631,8,False,0,False
wavelet-HHH_glcm_Imc2,0.9272735564182285,22,0.6092106769116084,8,True,0,True
wavelet-HHH_glcm_InverseVariance,0.5697066686699356,22,-0.3234782150505663,8,False,0,False
wavelet-HHH_glcm_JointAverage,0.5112575600645728,22,0.21623702880890916,8,False,0,False
wavelet-HHH_glcm_JointEnergy,0.13958153313912575,22,-0.5054803843322598,8,False,0,False
wavelet-HHH_glcm_JointEntropy,0.5657109736905759,22,-0.3639893738050934,8,False,0,False
wavelet-HHH_glcm_MCC,0.1582881708256198,22,0.2221430469088702,8,False,0,False
wavelet-HHH_glcm_MaximumProbability,0.1881395726413153,22,-0.5322922306110122,8,False,0,False
wavelet-HHH_glcm_SumAverage,0.5112575600645727,22,0.21623702880890905,8,False,0,False
wavelet-HHH_glcm_SumEntropy,0.5831428585782459,22,-0.3560192505238184,8,False,0,False
wavelet-HHH_glcm_SumSquares,0.8085398911212296,22,-0.10068071261334957,8,True,0,True
wavelet-HHH_glrlm_GrayLevelNonUniformity,0.6902408355333852,22,0.4186245054219749,8,False,0,False
wavelet-HHH_glrlm_GrayLevelNonUniformityNormalized,0.4077051848708541,22,-0.46196195997421696,8,False,0,False
wavelet-HHH_glrlm_GrayLevelVariance,0.7930706364265507,22,-0.09935669384663644,8,True,0,True
wavelet-HHH_glrlm_HighGrayLevelRunEmphasis,0.42309582066313894,22,0.12568886898616485,8,False,0,False
wavelet-HHH_glrlm_LongRunEmphasis,0.1404778220613768,22,-0.44812599835676026,8,False,0,False
wavelet-HHH_glrlm_LongRunHighGrayLevelEmphasis,0.40355462354664706,22,0.22950357546396588,8,False,0,False
wavelet-HHH_glrlm_LongRunLowGrayLevelEmphasis,0.3289301663331253,22,0.08765088382431784,8,False,0,False
wavelet-HHH_glrlm_LowGrayLevelRunEmphasis,0.4287824323515169,22,0.30000468673170494,8,False,0,False
wavelet-HHH_glrlm_RunEntropy,0.66789110431831,22,-0.23047551274970432,8,False,0,False
wavelet-HHH_glrlm_RunLengthNonUniformity,0.724885103813989,22,0.6229600670645413,8,False,0,False
wavelet-HHH_glrlm_RunLengthNonUniformityNormalized,0.36389433388835435,22,-0.3787039753060927,8,False,0,False
wavelet-HHH_glrlm_RunPercentage,0.30382898565559224,22,-0.41843561450369204,8,False,0,False
wavelet-HHH_glrlm_RunVariance,0.11562301916132638,22,-0.45112797885423955,8,False,0,False
wavelet-HHH_glrlm_ShortRunEmphasis,0.29432599791791975,22,-0.4095046834999232,8,False,0,False
wavelet-HHH_glrlm_ShortRunHighGrayLevelEmphasis,0.42741294197310725,22,0.10890294308892509,8,False,0,False
wavelet-HHH_glrlm_ShortRunLowGrayLevelEmphasis,0.43678778576649896,22,0.3623660196182996,8,False,0,False
wavelet-HHH_glszm_GrayLevelNonUniformity,0.738077910312019,22,0.6297793812708774,8,False,0,False
wavelet-HHH_glszm_GrayLevelNonUniformityNormalized,0.42149609977304736,22,-0.35025137837001447,8,False,0,False
wavelet-HHH_glszm_GrayLevelVariance,0.710988062682244,22,-0.11519223219288739,8,False,0,False
wavelet-HHH_glszm_HighGrayLevelZoneEmphasis,0.424137513204351,22,0.12276855932409445,8,False,0,False
wavelet-HHH_glszm_LargeAreaEmphasis,0.03562572631775883,22,0.01221744408073811,8,False,0,False
wavelet-HHH_glszm_LargeAreaHighGrayLevelEmphasis,0.16819068806050935,22,0.4986906091775369,8,False,0,False
wavelet-HHH_glszm_LargeAreaLowGrayLevelEmphasis,0.0020140881336898663,22,-0.09226859940124395,8,False,0,False
wavelet-HHH_glszm_LowGrayLevelZoneEmphasis,0.43618063503505156,22,0.29059060139616577,8,False,0,False
wavelet-HHH_glszm_SizeZoneNonUniformity,0.6834060189482152,22,0.3754075218119285,8,False,0,False
wavelet-HHH_glszm_SizeZoneNonUniformityNormalized,0.28774451938684564,22,0.523349821971664,8,False,0,False
wavelet-HHH_glszm_SmallAreaEmphasis,0.23234855685089356,22,0.5039594223381973,8,False,0,False
wavelet-HHH_glszm_SmallAreaHighGrayLevelEmphasis,0.4302861746117806,22,0.13662354599583812,8,False,0,False
wavelet-HHH_glszm_SmallAreaLowGrayLevelEmphasis,0.4510527221677131,22,0.33934229198854554,8,False,0,False
wavelet-HHH_glszm_ZoneEntropy,0.6785778479274627,22,-0.04165998016655264,8,False,0,False
wavelet-HHH_glszm_ZonePercentage,0.7281263243222689,22,-0.15992877705169145,8,False,0,False
wavelet-HHH_glszm_ZoneVariance,0.035549780054746724,22,0.01413224671077616,8,False,0,False
wavelet-HHH_gldm_DependenceEntropy,0.6014870987060588,22,-0.2744310547483962,8,False,0,False
wavelet-HHH_gldm_DependenceNonUniformity,0.7027602504744933,22,0.4177102489369502,8,False,0,False
wavelet-HHH_gldm_DependenceNonUniformityNormalized,0.7033218894291591,22,-0.2489840709615039,8,False,0,False
wavelet-HHH_gldm_DependenceVariance,0.21051492836085353,22,-0.34700503928934123,8,False,0,False
wavelet-HHH_gldm_GrayLevelNonUniformity,0.6041795992184444,22,0.34012216607381934,8,False,0,False
wavelet-HHH_gldm_GrayLevelVariance,0.7961182276762663,22,-0.10034730763545147,8,True,0,True
wavelet-HHH_gldm_HighGrayLevelEmphasis,0.42304421794608493,22,0.125836193097445,8,False,0,False
wavelet-HHH_gldm_LargeDependenceEmphasis,0.15946723569711788,22,-0.4134165852922481,8,False,0,False
wavelet-HHH_gldm_LargeDependenceHighGrayLevelEmphasis,0.2974547271143908,22,0.5247955115540252,8,False,0,False
wavelet-HHH_gldm_LargeDependenceLowGrayLevelEmphasis,0.11384307826769963,22,-0.1034234109771739,8,False,0,False
wavelet-HHH_gldm_LowGrayLevelEmphasis,0.4288755048524466,22,0.29979738571144837,8,False,0,False
wavelet-HHH_gldm_SmallDependenceEmphasis,0.6688171571889729,22,-0.2043157723213848,8,False,0,False
wavelet-HHH_gldm_SmallDependenceHighGrayLevelEmphasis,0.48421833440512985,22,0.02857662188989202,8,False,0,False
wavelet-HHH_gldm_SmallDependenceLowGrayLevelEmphasis,0.39591327885923694,22,0.5598857201001538,8,False,0,False
wavelet-HHH_ngtdm_Busyness,0.4580071470015989,22,-0.20625376308797147,8,False,0,False
wavelet-HHH_ngtdm_Coarseness,0.6625281687785738,22,0.16574088757437236,8,False,0,False
wavelet-HHH_ngtdm_Complexity,0.6106754328781209,22,-0.028786296116601388,8,False,0,False
wavelet-HHH_ngtdm_Contrast,0.7998257720848898,22,-0.18972289447797697,8,True,0,True
wavelet-HHH_ngtdm_Strength,0.8998976074287811,22,-0.2751531725930839,8,True,0,True
wavelet-LLL_firstorder_10Percentile,0.8773666266542446,22,0.4770547708732029,8,True,0,True
wavelet-LLL_firstorder_90Percentile,0.8717725823900401,22,0.6066746897425183,8,True,0,True
wavelet-LLL_firstorder_Energy,0.580998660466304,22,0.6734509284310884,8,False,0,False
wavelet-LLL_firstorder_Entropy,0.798625224228251,22,0.4955556316254042,8,True,0,True
wavelet-LLL_firstorder_InterquartileRange,0.8200875367865024,22,0.651862285319459,8,True,0,True
wavelet-LLL_firstorder_Kurtosis,0.521956152129256,22,0.5181470195517707,8,False,0,False
wavelet-LLL_firstorder_Maximum,0.7532287066049507,22,0.2993197886022714,8,True,0,True
wavelet-LLL_firstorder_MeanAbsoluteDeviation,0.8047052781028984,22,0.499583585483914,8,True,0,True
wavelet-LLL_firstorder_Mean,0.8983322130658898,22,0.539602411807361,8,True,0,True
wavelet-LLL_firstorder_Median,0.9085694983912865,22,0.5238942240268316,8,True,0,True
wavelet-LLL_firstorder_Minimum,0.43466882631829284,22,0.2955864299271751,8,False,0,False
wavelet-LLL_firstorder_Range,0.6841710912880761,22,0.17770163453631935,8,False,0,False
wavelet-LLL_firstorder_RobustMeanAbsoluteDeviation,0.818249413458675,22,0.6288140815720507,8,True,0,True
wavelet-LLL_firstorder_RootMeanSquared,0.8953678109673651,22,0.5527108786554297,8,True,0,True
wavelet-LLL_firstorder_Skewness,0.6728447736567771,22,0.22055299019234614,8,False,0,False
wavelet-LLL_firstorder_TotalEnergy,0.5809986604663041,22,0.6734509284310878,8,False,0,False
wavelet-LLL_firstorder_Uniformity,0.8232677967431711,22,0.6928434012582027,8,True,0,True
wavelet-LLL_firstorder_Variance,0.7238357498244622,22,0.32369447312156563,8,False,0,False
wavelet-LLL_glcm_Autocorrelation,0.74880673110279,22,0.5746822257136147,8,False,0,False
wavelet-LLL_glcm_ClusterProminence,0.43903947637358726,22,0.10170610873316001,8,False,0,False
wavelet-LLL_glcm_ClusterShade,0.37869556870466176,22,0.028338459880933774,8,False,0,False
wavelet-LLL_glcm_ClusterTendency,0.732649153516051,22,0.3325848545944834,8,False,0,False
wavelet-LLL_glcm_Contrast,0.6632891471402091,22,0.3898857982032396,8,False,0,False
wavelet-LLL_glcm_Correlation,0.8238980288814873,22,0.44133209021046366,8,True,0,True
wavelet-LLL_glcm_DifferenceAverage,0.7610146405617239,22,0.5437648937548832,8,True,0,True
wavelet-LLL_glcm_DifferenceEntropy,0.7256093107703822,22,0.4411732449892453,8,False,0,False
wavelet-LLL_glcm_DifferenceVariance,0.6060404650873403,22,0.28129825945273007,8,False,0,False
wavelet-LLL_glcm_Id,0.7930279930697908,22,0.651300649192554,8,True,0,True
wavelet-LLL_glcm_Idm,0.7938600407487295,22,0.6329111408271705,8,True,0,True
wavelet-LLL_glcm_Idmn,0.737999528043785,22,0.3407794814654031,8,False,0,False
wavelet-LLL_glcm_Idn,0.8406833899670253,22,0.48039601467656845,8,True,0,True
wavelet-LLL_glcm_Imc1,0.5681103400914043,22,0.3585115608013426,8,False,0,False
wavelet-LLL_glcm_Imc2,0.8573751528416206,22,0.4347208244810672,8,True,0,True
wavelet-LLL_glcm_InverseVariance,0.771530692422659,22,0.6540166718758865,8,True,0,True
wavelet-LLL_glcm_JointAverage,0.8024058200161232,22,0.5313930910002246,8,True,0,True
wavelet-LLL_glcm_JointEnergy,0.8413267155227486,22,0.7504417420242265,8,True,0,True
wavelet-LLL_glcm_JointEntropy,0.791771309342731,22,0.53086182091687,8,True,0,True
wavelet-LLL_glcm_MCC,0.7942879389369701,22,0.46765672520463847,8,True,0,True
wavelet-LLL_glcm_MaximumProbability,0.7789326803909561,22,0.8321285632119587,8,True,0,True
wavelet-LLL_glcm_SumAverage,0.8024058200161235,22,0.5313930910002238,8,True,0,True
wavelet-LLL_glcm_SumEntropy,0.8228310262613097,22,0.5300145118535013,8,True,0,True
wavelet-LLL_glcm_SumSquares,0.7287692897193196,22,0.3408666127712486,8,False,0,False
wavelet-LLL_glrlm_GrayLevelNonUniformity,0.8425397556201584,22,0.7160322562044008,8,True,0,True
wavelet-LLL_glrlm_GrayLevelNonUniformityNormalized,0.7819006044091913,22,0.4402854547020433,8,True,0,True
wavelet-LLL_glrlm_GrayLevelVariance,0.7056521701134416,22,0.2101721094103226,8,False,0,False
wavelet-LLL_glrlm_HighGrayLevelRunEmphasis,0.7211080302661129,22,0.5614633438271684,8,False,0,False
wavelet-LLL_glrlm_LongRunEmphasis,0.8615325706718671,22,0.837297951605629,8,True,0,True
wavelet-LLL_glrlm_LongRunHighGrayLevelEmphasis,0.7294795780130764,22,0.8028195392965992,8,False,0,False
wavelet-LLL_glrlm_LongRunLowGrayLevelEmphasis,0.7887342163646103,22,0.3477403561411115,8,True,0,True
wavelet-LLL_glrlm_LowGrayLevelRunEmphasis,0.6889240864293213,22,0.26984885294481203,8,False,0,False
wavelet-LLL_glrlm_RunEntropy,0.718743333127811,22,-0.38605635813769057,8,False,0,False
wavelet-LLL_glrlm_RunLengthNonUniformity,0.6075121752008946,22,0.35632895653744356,8,False,0,False
wavelet-LLL_glrlm_RunLengthNonUniformityNormalized,0.8109310116836811,22,0.8500489700862662,8,True,0,True
wavelet-LLL_glrlm_RunPercentage,0.8381415811001376,22,0.8754413338454492,8,True,0,True
wavelet-LLL_glrlm_RunVariance,0.828721513723053,22,0.8160890113944844,8,True,0,True
wavelet-LLL_glrlm_ShortRunEmphasis,0.7917553053375183,22,0.8139248614462951,8,True,0,True
wavelet-LLL_glrlm_ShortRunHighGrayLevelEmphasis,0.7135857695491837,22,0.509242108113859,8,False,0,False
wavelet-LLL_glrlm_ShortRunLowGrayLevelEmphasis,0.7360311796648349,22,0.26463374403900025,8,False,0,False
wavelet-LLL_glszm_GrayLevelNonUniformity,0.5661554778605485,22,0.5390135224889613,8,False,0,False
wavelet-LLL_glszm_GrayLevelNonUniformityNormalized,0.7822822917181089,22,-0.2453582965009017,8,True,0,True
wavelet-LLL_glszm_GrayLevelVariance,0.5731359128703188,22,-0.09551124886706862,8,False,0,False
wavelet-LLL_glszm_HighGrayLevelZoneEmphasis,0.569400050847146,22,0.3088316004953199,8,False,0,False
wavelet-LLL_glszm_LargeAreaEmphasis,0.8251167142136225,22,0.8872848660070424,8,True,0,True
wavelet-LLL_glszm_LargeAreaHighGrayLevelEmphasis,0.875001925285803,22,0.9170241453996452,8,True,0,True
wavelet-LLL_glszm_LargeAreaLowGrayLevelEmphasis,0.7762151630785153,22,0.7209322167190714,8,True,0,True
wavelet-LLL_glszm_LowGrayLevelZoneEmphasis,0.663436565310442,22,0.2170566913480582,8,False,0,False
wavelet-LLL_glszm_SizeZoneNonUniformity,0.5291744174635679,22,0.4860990052861468,8,False,0,False
wavelet-LLL_glszm_SizeZoneNonUniformityNormalized,0.01658507666122549,22,0.8016921646414179,8,False,0,False
wavelet-LLL_glszm_SmallAreaEmphasis,0.013244071376297208,22,0.8004581572092506,8,False,0,False
wavelet-LLL_glszm_SmallAreaHighGrayLevelEmphasis,0.5014819936046141,22,0.27968009713242126,8,False,0,False
wavelet-LLL_glszm_SmallAreaLowGrayLevelEmphasis,0.6852914684929995,22,0.14648335817278024,8,False,0,False
wavelet-LLL_glszm_ZoneEntropy,0.8117146866033136,22,-0.32104718900776913,8,True,0,True
wavelet-LLL_glszm_ZonePercentage,0.6831096440677437,22,0.7104131140777566,8,False,0,False
wavelet-LLL_glszm_ZoneVariance,0.8240457244768481,22,0.8882169123978838,8,True,0,True
wavelet-LLL_gldm_DependenceEntropy,0.7365859392389689,22,0.0011780370759345387,8,False,0,False
wavelet-LLL_gldm_DependenceNonUniformity,0.5922610750158531,22,0.4142182783653994,8,False,0,False
wavelet-LLL_gldm_DependenceNonUniformityNormalized,0.9096450338215586,22,0.8862009140954787,8,True,0,True
wavelet-LLL_gldm_DependenceVariance,0.8656388475905359,22,0.7539306208972251,8,True,0,True
wavelet-LLL_gldm_GrayLevelNonUniformity,0.8606475763058181,22,0.7433430989875233,8,True,0,True
wavelet-LLL_gldm_GrayLevelVariance,0.7245970746497371,22,0.3169854121648507,8,False,0,False
wavelet-LLL_gldm_HighGrayLevelEmphasis,0.733899678703861,22,0.5793392633651071,8,False,0,False
wavelet-LLL_gldm_LargeDependenceEmphasis,0.8455309528099095,22,0.8693170511209181,8,True,0,True
wavelet-LLL_gldm_LargeDependenceHighGrayLevelEmphasis,0.8240093232654812,22,0.8305968272487331,8,True,0,True
wavelet-LLL_gldm_LargeDependenceLowGrayLevelEmphasis,0.7226803600144871,22,0.3764580650695621,8,False,0,False
wavelet-LLL_gldm_LowGrayLevelEmphasis,0.6770887301808723,22,0.275098836554671,8,False,0,False
wavelet-LLL_gldm_SmallDependenceEmphasis,0.6977405081940679,22,0.7854257163823051,8,False,0,False
wavelet-LLL_gldm_SmallDependenceHighGrayLevelEmphasis,0.6434012144948277,22,0.45333947871914215,8,False,0,False
wavelet-LLL_gldm_SmallDependenceLowGrayLevelEmphasis,0.7207995388332867,22,0.2534079137439015,8,False,0,False
wavelet-LLL_ngtdm_Busyness,0.7975543812379179,22,0.8540080903068152,8,True,0,True
wavelet-LLL_ngtdm_Coarseness,0.6783626622897689,22,0.3311536231941731,8,False,0,False
wavelet-LLL_ngtdm_Complexity,0.5844066994831855,22,0.13015278312112388,8,False,0,False
wavelet-LLL_ngtdm_Contrast,0.8926536130833879,22,0.9456835756784415,8,True,0,True
wavelet-LLL_ngtdm_Strength,0.7617436222574793,22,0.7929624983057146,8,True,0,True
