feature,icc_A,n_A,icc_B,n_B,pass
wavelet-LLH_shape_Elongation,0.4697598842624501,22,0.5738864996852152,8,False
wavelet-LLH_shape_Flatness,0.616507232972749,22,0.6148435803984232,8,False
wavelet-LLH_shape_LeastAxisLength,0.7669594053436322,22,0.8118146024205378,8,True
wavelet-LLH_shape_MajorAxisLength,0.7644796519635452,22,0.5697862559124197,8,True
wavelet-LLH_shape_Maximum2DDiameterColumn,0.8211426819564499,22,0.4773879265459173,8,True
wavelet-LLH_shape_Maximum2DDiameterRow,0.7385779235397708,22,0.3607357215725509,8,False
wavelet-LLH_shape_Maximum2DDiameterSlice,0.6496447982144226,22,0.5852050439216012,8,False
wavelet-LLH_shape_Maximum3DDiameter,0.739142709602197,22,0.41764856156734387,8,False
wavelet-LLH_shape_MeshVolume,0.7283102577095294,22,0.5641616353792328,8,False
wavelet-LLH_shape_MinorAxisLength,0.6657388317444173,22,0.6521972274917414,8,False
wavelet-LLH_shape_Sphericity,0.5113266810893029,22,0.764270329765584,8,False
wavelet-LLH_shape_SurfaceArea,0.7442170545138365,22,0.7226857197978283,8,False
wavelet-LLH_shape_SurfaceVolumeRatio,0.5015427142356769,22,0.11105134467485078,8,False
wavelet-LLH_shape_VoxelVolume,0.7286509529434513,22,0.5653591439073548,8,False
wavelet-LLH_firstorder_10Percentile,0.8427575522850507,22,0.0208107129931242,8,True
wavelet-LLH_firstorder_90Percentile,0.6781021897810219,22,-0.14223627024892838,8,False
wavelet-LLH_firstorder_Energy,0.7332091690786614,22,0.5621933194752762,8,False
wavelet-LLH_firstorder_Entropy,0.843217361005354,22,-0.38550101352548477,8,True
wavelet-LLH_firstorder_InterquartileRange,0.7110449981405726,22,-0.3658536585365853,8,False
wavelet-LLH_firstorder_Kurtosis,0.9395756145627283,22,0.8884527760799039,8,True
wavelet-LLH_firstorder_Maximum,0.9004935339297118,22,0.22004662004662004,8,True
wavelet-LLH_firstorder_MeanAbsoluteDeviation,0.886231068996536,22,-0.3292311800750452,8,True
wavelet-LLH_firstorder_Mean,0.7794020789229718,22,0.45047685044995533,8,True
wavelet-LLH_firstorder_Median,0.6093023255813953,22,0.0,8,False
wavelet-LLH_firstorder_Minimum,0.8656859609849691,22,0.5234276467648669,8,True
wavelet-LLH_firstorder_Range,0.9083133673839933,22,0.3851435306480357,8,True
wavelet-LLH_firstorder_RobustMeanAbsoluteDeviation,0.7521176577911934,22,-0.375321871347681,8,True
wavelet-LLH_firstorder_RootMeanSquared,0.838891132669029,22,0.4585765998161745,8,True
wavelet-LLH_firstorder_Skewness,0.8448034449797054,22,0.9004841118131579,8,True
wavelet-LLH_firstorder_TotalEnergy,0.7332091690786615,22,0.5621933194752761,8,False
wavelet-LLH_firstorder_Uniformity,0.8374784114369321,22,-0.3729349947877312,8,True
wavelet-LLH_firstorder_Variance,0.9516474533971073,22,0.056027315391722614,8,True
wavelet-LLH_glcm_Autocorrelation,0.8226252680087466,22,0.5893442383819543,8,True
wavelet-LLH_glcm_ClusterProminence,0.7676606789454006,22,0.24998360613633616,8,True
wavelet-LLH_glcm_ClusterShade,0.9173279597227144,22,0.3958714193894251,8,True
wavelet-LLH_glcm_ClusterTendency,0.9421408423609051,22,0.1317941120992133,8,True
wavelet-LLH_glcm_Contrast,0.9060670865653041,22,-0.3868760784402172,8,True
wavelet-LLH_glcm_Correlation,0.7392906003045187,22,0.13833546182802106,8,False
wavelet-LLH_glcm_DifferenceAverage,0.7856102132685887,22,-0.45183113834812083,8,True
wavelet-LLH_glcm_DifferenceEntropy,0.8045153376052293,22,-0.49797733726678717,8,True
wavelet-LLH_glcm_DifferenceVariance,0.9278071757055457,22,-0.2929957558527303,8,True
wavelet-LLH_glcm_Id,0.8238933237683406,22,-0.514285684134784,8,True
wavelet-LLH_glcm_Idm,0.836854075208316,22,-0.5220569960710083,8,True
wavelet-LLH_glcm_Idmn,0.8819981590823672,22,0.33826404266600285,8,True
wavelet-LLH_glcm_Idn,0.9239691023422935,22,0.5495716841214857,8,True
wavelet-LLH_glcm_Imc1,0.8099179828272053,22,0.29095016148374553,8,True
wavelet-LLH_glcm_Imc2,0.7700299571908255,22,0.3739868834352006,8,True
wavelet-LLH_glcm_InverseVariance,0.8280755957657133,22,-0.5456871799821795,8,True
wavelet-LLH_glcm_JointAverage,0.8671305472981834,22,0.5326451796864186,8,True
wavelet-LLH_glcm_JointEnergy,0.8699814411892213,22,-0.44755356950557307,8,True
wavelet-LLH_glcm_JointEntropy,0.8219305963362277,22,-0.5019022341066862,8,True
wavelet-LLH_glcm_MCC,0.6865236927272408,22,0.21472945619576853,8,False
wavelet-LLH_glcm_MaximumProbability,0.8957342575296813,22,-0.4205248095926943,8,True
wavelet-LLH_glcm_SumAverage,0.8671305472981826,22,0.5326451796864173,8,True
wavelet-LLH_glcm_SumEntropy,0.8860468745032286,22,-0.24437452461628045,8,True
wavelet-LLH_glcm_SumSquares,0.9301512055330047,22,-0.09781734158990629,8,True
wavelet-LLH_glrlm_GrayLevelNonUniformity,0.7022050744197712,22,0.5090224555977734,8,False
wavelet-LLH_glrlm_GrayLevelNonUniformityNormalized,0.8333054717139811,22,-0.3765365253039233,8,True
wavelet-LLH_glrlm_GrayLevelVariance,0.9532120637669343,22,0.07413047113219821,8,True
wavelet-LLH_glrlm_HighGrayLevelRunEmphasis,0.8273367806267601,22,0.5812583889189724,8,True
wavelet-LLH_glrlm_LongRunEmphasis,0.8419857095889446,22,-0.32648002560842265,8,True
wavelet-LLH_glrlm_LongRunHighGrayLevelEmphasis,0.8437342957849477,22,0.6274242128163846,8,True
wavelet-LLH_glrlm_LongRunLowGrayLevelEmphasis,0.8877040413262555,22,-0.1565250204833169,8,True
wavelet-LLH_glrlm_LowGrayLevelRunEmphasis,0.8631742163421338,22,-0.14566566011678359,8,True
wavelet-LLH_glrlm_RunEntropy,0.8491665608710869,22,-0.2972523352889771,8,True
wavelet-LLH_glrlm_RunLengthNonUniformity,0.7349340535600157,22,0.5628486246761153,8,False
wavelet-LLH_glrlm_RunLengthNonUniformityNormalized,0.8081158484926936,22,-0.26809072431543346,8,True
wavelet-LLH_glrlm_RunPercentage,0.8221178611156421,22,-0.28869999045207495,8,True
wavelet-LLH_glrlm_RunVariance,0.8579509337662999,22,-0.34611410933064024,8,True
wavelet-LLH_glrlm_ShortRunEmphasis,0.8140142247890639,22,-0.2843881650307,8,True
wavelet-LLH_glrlm_ShortRunHighGrayLevelEmphasis,0.8232150345651563,22,0.5700090815426089,8,True
wavelet-LLH_glrlm_ShortRunLowGrayLevelEmphasis,0.8566491105502492,22,-0.14309799480119292,8,True
wavelet-LLH_glszm_GrayLevelNonUniformity,0.7198525015346311,22,0.509364848493096,8,False
wavelet-LLH_glszm_GrayLevelNonUniformityNormalized,0.8525306291762519,22,-0.3079899827013383,8,True
wavelet-LLH_glszm_GrayLevelVariance,0.9633824299138433,22,0.23917721738388767,8,True
wavelet-LLH_glszm_HighGrayLevelZoneEmphasis,0.8323355268470549,22,0.5727076902176962,8,True
wavelet-LLH_glszm_LargeAreaEmphasis,0.805109442191464,22,-0.23277483278920566,8,True
wavelet-LLH_glszm_LargeAreaHighGrayLevelEmphasis,0.9497972337665634,22,0.6163106298982189,8,True
wavelet-LLH_glszm_LargeAreaLowGrayLevelEmphasis,0.5881873015320263,22,-0.25266837766588085,8,False
wavelet-LLH_glszm_LowGrayLevelZoneEmphasis,0.8600800761272945,22,-0.1480115343917535,8,True
wavelet-LLH_glszm_SizeZoneNonUniformity,0.7314332844252479,22,0.4548126843412285,8,False
wavelet-LLH_glszm_SizeZoneNonUniformityNormalized,0.7579735028914221,22,-0.39263999341069855,8,True
wavelet-LLH_glszm_SmallAreaEmphasis,0.7675765841601658,22,-0.39239800759487214,8,True
wavelet-LLH_glszm_SmallAreaHighGrayLevelEmphasis,0.8158561832507101,22,0.5270765278683139,8,True
wavelet-LLH_glszm_SmallAreaLowGrayLevelEmphasis,0.8275090902062507,22,-0.11378919121508965,8,True
wavelet-LLH_glszm_ZoneEntropy,0.895154482219792,22,0.2988810982376481,8,True
wavelet-LLH_glszm_ZonePercentage,0.7618180942700841,22,-0.2613092891931671,8,True
wavelet-LLH_glszm_ZoneVariance,0.8026583460450132,22,-0.22102888936844256,8,True
wavelet-LLH_gldm_DependenceEntropy,0.8438498808383399,22,0.25857581299903715,8,True
wavelet-LLH_gldm_DependenceNonUniformity,0.7401452001281148,22,0.4706636616770649,8,False
wavelet-LLH_gldm_DependenceNonUniformityNormalized,0.7603814113299742,22,-0.1880455734633282,8,True
wavelet-LLH_gldm_DependenceVariance,0.8757099858092234,22,-0.12261999022302478,8,True
wavelet-LLH_gldm_GrayLevelNonUniformity,0.7012320308462522,22,0.5020499389465515,8,False
wavelet-LLH_gldm_GrayLevelVariance,0.9516474533971073,22,0.0560273153917217,8,True
wavelet-LLH_gldm_HighGrayLevelEmphasis,0.8269748288547212,22,0.5818090193237915,8,True
wavelet-LLH_gldm_LargeDependenceEmphasis,0.8592743833188096,22,-0.27177336708198324,8,True
wavelet-LLH_gldm_LargeDependenceHighGrayLevelEmphasis,0.9217472125558278,22,0.857485586947729,8,True
wavelet-LLH_gldm_LargeDependenceLowGrayLevelEmphasis,0.9536938766986124,22,-0.2852201886930709,8,True
wavelet-LLH_gldm_LowGrayLevelEmphasis,0.8643931520386926,22,-0.14514641300464,8,True
wavelet-LLH_gldm_SmallDependenceEmphasis,0.7638274027448738,22,-0.305683927768962,8,True
wavelet-LLH_gldm_SmallDependenceHighGrayLevelEmphasis,0.7576502204892891,22,0.4040456378748266,8,True
wavelet-LLH_gldm_SmallDependenceLowGrayLevelEmphasis,0.741505996050081,22,-0.0998836084586212,8,False
wavelet-LLH_ngtdm_Busyness,0.6358218824616804,22,0.5043035155351528,8,False
wavelet-LLH_ngtdm_Coarseness,0.6692559199046153,22,0.1376626598299556,8,False
wavelet-LLH_ngtdm_Complexity,0.8848035687539402,22,0.2119392231124079,8,True
wavelet-LLH_ngtdm_Contrast,0.8435389173465211,22,-0.04163954598157488,8,True
wavelet-LLH_ngtdm_Strength,0.7539055750454924,22,0.5150328583875402,8,True
wavelet-LHL_shape_Elongation,0.4697598842624501,22,0.5738864996852152,8,False
wavelet-LHL_shape_Flatness,0.616507232972749,22,0.6148435803984232,8,False
wavelet-LHL_shape_LeastAxisLength,0.7669594053436322,22,0.8118146024205378,8,True
wavelet-LHL_shape_MajorAxisLength,0.7644796519635452,22,0.5697862559124197,8,True
wavelet-LHL_shape_Maximum2DDiameterColumn,0.8211426819564499,22,0.4773879265459173,8,True
wavelet-LHL_shape_Maximum2DDiameterRow,0.7385779235397708,22,0.3607357215725509,8,False
wavelet-LHL_shape_Maximum2DDiameterSlice,0.6496447982144226,22,0.5852050439216012,8,False
wavelet-LHL_shape_Maximum3DDiameter,0.739142709602197,22,0.41764856156734387,8,False
wavelet-LHL_shape_MeshVolume,0.7283102577095294,22,0.5641616353792328,8,False
wavelet-LHL_shape_MinorAxisLength,0.6657388317444173,22,0.6521972274917414,8,False
wavelet-LHL_shape_Sphericity,0.5113266810893029,22,0.764270329765584,8,False
wavelet-LHL_shape_SurfaceArea,0.7442170545138365,22,0.7226857197978283,8,False
wavelet-LHL_shape_SurfaceVolumeRatio,0.5015427142356769,22,0.11105134467485078,8,False
wavelet-LHL_shape_VoxelVolume,0.7286509529434513,22,0.5653591439073548,8,False
wavelet-LHL_firstorder_10Percentile,0.7214033018867914,22,0.1668711656441718,8,False
wavelet-LHL_firstorder_90Percentile,0.8649466596050531,22,-0.4043545878693623,8,True
wavelet-LHL_firstorder_Energy,0.7280587212430459,22,0.561612871864683,8,False
wavelet-LHL_firstorder_Entropy,0.5907145012539745,22,-0.06832122706517882,8,False
wavelet-LHL_firstorder_InterquartileRange,0.7541292076102863,22,-0.1715076071922545,8,True
wavelet-LHL_firstorder_Kurtosis,0.7346710838314463,22,0.010753573217906492,8,False
wavelet-LHL_firstorder_Maximum,0.8189498572705519,22,-0.09250943436004468,8,True
wavelet-LHL_firstorder_MeanAbsoluteDeviation,0.8428049752247441,22,-0.061788626003257706,8,True
wavelet-LHL_firstorder_Mean,0.6979182704401022,22,-0.021815528848562856,8,False
wavelet-LHL_firstorder_Median,0.41518987341772423,22,0.0,8,False
wavelet-LHL_firstorder_Minimum,0.85031823929023,22,0.11080156854460715,8,True
wavelet-LHL_firstorder_Range,0.9043090126549205,22,-0.04229762481822585,8,True
wavelet-LHL_firstorder_RobustMeanAbsoluteDeviation,0.7957411899266188,22,-0.10575567069674047,8,True
wavelet-LHL_firstorder_RootMeanSquared,0.7610601484206914,22,-0.2779805939778707,8,True
wavelet-LHL_firstorder_Skewness,0.6288945830099213,22,0.44542709635745753,8,False
wavelet-LHL_firstorder_TotalEnergy,0.7280587212430465,22,0.5616128718646831,8,False
wavelet-LHL_firstorder_Uniformity,0.21556348531738972,22,-0.059046741081188896,8,False
wavelet-LHL_firstorder_Variance,0.9158594225227394,22,0.08859827695030441,8,True
wavelet-LHL_glcm_Autocorrelation,0.8209254878919258,22,0.23843587730519344,8,True
wavelet-LHL_glcm_ClusterProminence,0.9082360682293071,22,0.37631797778005804,8,True
wavelet-LHL_glcm_ClusterShade,0.8139824281075356,22,0.48020015041409,8,True
wavelet-LHL_glcm_ClusterTendency,0.9185047617963021,22,0.11477773961284893,8,True
wavelet-LHL_glcm_Contrast,0.8756077713791842,22,0.1700369771946494,8,True
wavelet-LHL_glcm_Correlation,0.3200306823429342,22,-7.708011480020981e-05,8,False
wavelet-LHL_glcm_DifferenceAverage,0.8059975356281048,22,-0.002933035325825719,8,True
wavelet-LHL_glcm_DifferenceEntropy,0.5393577957157505,22,-0.04022882155271938,8,False
wavelet-LHL_glcm_DifferenceVariance,0.8279718644164271,22,0.28160866628147396,8,True
wavelet-LHL_glcm_Id,0.3263108486445118,22,-0.0511548228899009,8,False
wavelet-LHL_glcm_Idm,0.23627493359175353,22,-0.044268015292302884,8,False
wavelet-LHL_glcm_Idmn,0.7812773809196515,22,0.23450158376800534,8,True
wavelet-LHL_glcm_Idn,0.7567504415515877,22,0.2687941300424565,8,True
wavelet-LHL_glcm_Imc1,0.7025539643082739,22,0.8738846400244978,8,False
wavelet-LHL_glcm_Imc2,0.7074948718358971,22,0.5597397250719912,8,False
wavelet-LHL_glcm_InverseVariance,0.3356006315422981,22,-0.0669980309438752,8,False
wavelet-LHL_glcm_JointAverage,0.8490432385875085,22,0.07719945681416765,8,True
wavelet-LHL_glcm_JointEnergy,0.046335431269403156,22,-0.010321341103741156,8,False
wavelet-LHL_glcm_JointEntropy,0.4763860811281046,22,0.06494128508471918,8,False
wavelet-LHL_glcm_MCC,0.6339229932854236,22,-0.2765497282089424,8,False
wavelet-LHL_glcm_MaximumProbability,0.03632473149469992,22,0.008284165066994326,8,False
wavelet-LHL_glcm_SumAverage,0.849043238587509,22,0.07719945681416544,8,True
wavelet-LHL_glcm_SumEntropy,0.6245526793790674,22,-0.02821978012227197,8,False
wavelet-LHL_glcm_SumSquares,0.9040173487524293,22,0.14354380122222235,8,True
wavelet-LHL_glrlm_GrayLevelNonUniformity,0.49654540544145526,22,-0.0034698734369155823,8,False
wavelet-LHL_glrlm_GrayLevelNonUniformityNormalized,0.24204755778068127,22,-0.05976285405529355,8,False
wavelet-LHL_glrlm_GrayLevelVariance,0.9154039362411573,22,0.09791004728003269,8,True
wavelet-LHL_glrlm_HighGrayLevelRunEmphasis,0.8216026380595945,22,0.23481661252833266,8,True
wavelet-LHL_glrlm_LongRunEmphasis,0.05800450496377165,22,-0.039599898756887145,8,False
wavelet-LHL_glrlm_LongRunHighGrayLevelEmphasis,0.8294680645637668,22,0.26150396970623757,8,True
wavelet-LHL_glrlm_LongRunLowGrayLevelEmphasis,0.03616627253026715,22,-0.004911588294067133,8,False
wavelet-LHL_glrlm_LowGrayLevelRunEmphasis,0.09746631419291614,22,0.003229834946453271,8,False
wavelet-LHL_glrlm_RunEntropy,0.763301661489789,22,-0.013479938042327947,8,True
wavelet-LHL_glrlm_RunLengthNonUniformity,0.7483091204536817,22,0.6826232731457358,8,False
wavelet-LHL_glrlm_RunLengthNonUniformityNormalized,0.1711528346745722,22,-0.06740658249806217,8,False
wavelet-LHL_glrlm_RunPercentage,0.1283639368104116,22,-0.05835523238811075,8,False
wavelet-LHL_glrlm_RunVariance,0.044955124184155995,22,-0.03610967611814303,8,False
wavelet-LHL_glrlm_ShortRunEmphasis,0.12691722468284478,22,-0.05694745575697916,8,False
wavelet-LHL_glrlm_ShortRunHighGrayLevelEmphasis,0.8195767424268869,22,0.2291833388582027,8,True
wavelet-LHL_glrlm_ShortRunLowGrayLevelEmphasis,0.12367772820570584,22,0.00849611320317542,8,False
wavelet-LHL_glszm_GrayLevelNonUniformity,0.7480330938665658,22,0.754162585867669,8,False
wavelet-LHL_glszm_GrayLevelNonUniformityNormalized,0.33185426055336775,22,-0.04494985030544062,8,False
wavelet-LHL_glszm_GrayLevelVariance,0.9047049471645696,22,0.21610937724360077,8,True
wavelet-LHL_glszm_HighGrayLevelZoneEmphasis,0.8210629130249362,22,0.22777317454997917,8,True
wavelet-LHL_glszm_LargeAreaEmphasis,9.947937856904163e-05,22,-0.00015807990999448817,8,False
wavelet-LHL_glszm_LargeAreaHighGrayLevelEmphasis,-0.006192870996982856,22,0.004567023885212218,8,False
wavelet-LHL_glszm_LargeAreaLowGrayLevelEmphasis,1.1443324637853858e-05,22,-1.5612883728159586e-05,8,False
wavelet-LHL_glszm_LowGrayLevelZoneEmphasis,0.08164489048789879,22,0.014721429635407094,8,False
wavelet-LHL_glszm_SizeZoneNonUniformity,0.8242927313095763,22,0.7935027779503929,8,True
wavelet-LHL_glszm_SizeZoneNonUniformityNormalized,0.5643739368133212,22,-0.14305423697537936,8,False
wavelet-LHL_glszm_SmallAreaEmphasis,0.40577476721158984,22,-0.1331355395008649,8,False
wavelet-LHL_glszm_SmallAreaHighGrayLevelEmphasis,0.80293589393794,22,0.21066936949279882,8,True
wavelet-LHL_glszm_SmallAreaLowGrayLevelEmphasis,0.15572310259936387,22,0.04797953366050215,8,False
wavelet-LHL_glszm_ZoneEntropy,0.594260305846341,22,0.4489197639668855,8,False
wavelet-LHL_glszm_ZonePercentage,0.509870164766268,22,-0.13609639803508575,8,False
wavelet-LHL_glszm_ZoneVariance,7.240478164493533e-05,22,-0.00011515659548767601,8,False
wavelet-LHL_gldm_DependenceEntropy,0.7372414431299432,22,0.6163423383862395,8,False
wavelet-LHL_gldm_DependenceNonUniformity,0.8071677109515312,22,0.7893583622692246,8,True
wavelet-LHL_gldm_DependenceNonUniformityNormalized,0.6738653008565129,22,-0.16078594436173735,8,False
wavelet-LHL_gldm_DependenceVariance,0.056825892070146405,22,-0.029200179193503106,8,False
wavelet-LHL_gldm_GrayLevelNonUniformity,0.3498014453859143,22,-0.07462823001310974,8,False
wavelet-LHL_gldm_GrayLevelVariance,0.9158594225227393,22,0.08859827695030498,8,True
wavelet-LHL_gldm_HighGrayLevelEmphasis,0.8216490671846753,22,0.23526199658723126,8,True
wavelet-LHL_gldm_LargeDependenceEmphasis,0.04490169120660296,22,-0.027176191104986112,8,False
wavelet-LHL_gldm_LargeDependenceHighGrayLevelEmphasis,0.8844057994575818,22,0.4816984530296131,8,True
wavelet-LHL_gldm_LargeDependenceLowGrayLevelEmphasis,0.006304783248068244,22,-0.004907301482069858,8,False
wavelet-LHL_gldm_LowGrayLevelEmphasis,0.09799429585291801,22,0.0017189174307046242,8,False
wavelet-LHL_gldm_SmallDependenceEmphasis,0.5609152742537706,22,-0.14494201536435353,8,False
wavelet-LHL_gldm_SmallDependenceHighGrayLevelEmphasis,0.7735407731158611,22,0.16408943702193393,8,True
wavelet-LHL_gldm_SmallDependenceLowGrayLevelEmphasis,0.7472684927267178,22,0.4410897567786481,8,False
wavelet-LHL_ngtdm_Busyness,0.12964495501067128,22,-0.10099636525975123,8,False
wavelet-LHL_ngtdm_Coarseness,0.717461321303032,22,0.484476176658105,8,False
wavelet-LHL_ngtdm_Complexity,0.8299122710058642,22,0.5950912584480381,8,True
wavelet-LHL_ngtdm_Contrast,0.7673209553074894,22,0.022497486590414964,8,True
wavelet-LHL_ngtdm_Strength,0.8496460798004503,22,-0.3787921298537646,8,True
wavelet-LHH_shape_Elongation,0.4697598842624501,22,0.5738864996852152,8,False
wavelet-LHH_shape_Flatness,0.616507232972749,22,0.6148435803984232,8,False
wavelet-LHH_shape_LeastAxisLength,0.7669594053436322,22,0.8118146024205378,8,True
wavelet-LHH_shape_MajorAxisLength,0.7644796519635452,22,0.5697862559124197,8,True
wavelet-LHH_shape_Maximum2DDiameterColumn,0.8211426819564499,22,0.4773879265459173,8,True
wavelet-LHH_shape_Maximum2DDiameterRow,0.7385779235397708,22,0.3607357215725509,8,False
wavelet-LHH_shape_Maximum2DDiameterSlice,0.6496447982144226,22,0.5852050439216012,8,False
wavelet-LHH_shape_Maximum3DDiameter,0.739142709602197,22,0.41764856156734387,8,False
wavelet-LHH_shape_MeshVolume,0.7283102577095294,22,0.5641616353792328,8,False
wavelet-LHH_shape_MinorAxisLength,0.6657388317444173,22,0.6521972274917414,8,False
wavelet-LHH_shape_Sphericity,0.5113266810893029,22,0.764270329765584,8,False
wavelet-LHH_shape_SurfaceArea,0.7442170545138365,22,0.7226857197978283,8,False
wavelet-LHH_shape_SurfaceVolumeRatio,0.5015427142356769,22,0.11105134467485078,8,False
wavelet-LHH_shape_VoxelVolume,0.7286509529434513,22,0.5653591439073548,8,False
wavelet-LHH_firstorder_10Percentile,0.8843113772455098,22,-0.6386554621848739,8,True
wavelet-LHH_firstorder_90Percentile,0.8488725411802331,22,-0.7957244655581949,8,True
wavelet-LHH_firstorder_Energy,0.7289920650736312,22,0.5660576018869733,8,False
wavelet-LHH_firstorder_Entropy,0.7537314128374115,22,-0.6126385551227725,8,True
wavelet-LHH_firstorder_InterquartileRange,0.8421290031574196,22,-0.7944572748267897,8,True
wavelet-LHH_firstorder_Kurtosis,0.7701636414510095,22,0.5738974980671979,8,True
wavelet-LHH_firstorder_Maximum,0.7192448662247655,22,0.2577857785778578,8,False
wavelet-LHH_firstorder_MeanAbsoluteDeviation,0.8691367822311923,22,-0.7526268391678854,8,True
wavelet-LHH_firstorder_Mean,0.122935038234174,22,-0.09137060857355482,8,False
wavelet-LHH_firstorder_Median,-1.1,22,-1.3333333333333333,8,False
wavelet-LHH_firstorder_Minimum,0.8823667204758293,22,-0.20380332362514994,8,True
wavelet-LHH_firstorder_Range,0.8387220355242127,22,0.07216106877410858,8,True
wavelet-LHH_firstorder_RobustMeanAbsoluteDeviation,0.8581285551591706,22,-0.7496425998434006,8,True
wavelet-LHH_firstorder_RootMeanSquared,0.6210944000269075,22,-0.26164900341810154,8,False
wavelet-LHH_firstorder_Skewness,0.29857974880195426,22,0.6928815191660268,8,False
wavelet-LHH_firstorder_TotalEnergy,0.7289920650736318,22,0.5660576018869735,8,False
wavelet-LHH_firstorder_Uniformity,0.4409969069641835,22,-0.44294276200130156,8,False
wavelet-LHH_firstorder_Variance,0.8880015717057127,22,-0.618913028658073,8,True
wavelet-LHH_glcm_Autocorrelation,0.8655415247091566,22,-0.16903726998580637,8,True
wavelet-LHH_glcm_ClusterProminence,0.8656449162404772,22,-0.2074348389218882,8,True
wavelet-LHH_glcm_ClusterShade,0.3143191012719505,22,0.437691985279313,8,False
wavelet-LHH_glcm_ClusterTendency,0.8915448708020564,22,-0.6271034717093696,8,True
wavelet-LHH_glcm_Contrast,0.8807724853723098,22,-0.6128996276123152,8,True
wavelet-LHH_glcm_Correlation,0.5415746029020027,22,0.44626610831950153,8,False
wavelet-LHH_glcm_DifferenceAverage,0.8592291825414076,22,-0.7460553517969332,8,True
wavelet-LHH_glcm_DifferenceEntropy,0.749426365608326,22,-0.6264050238568544,8,False
wavelet-LHH_glcm_DifferenceVariance,0.8990932930107621,22,-0.5312636059566588,8,True
wavelet-LHH_glcm_Id,0.584931368653342,22,-0.5520084676362474,8,False
wavelet-LHH_glcm_Idm,0.47851290183550993,22,-0.486627402624689,8,False
wavelet-LHH_glcm_Idmn,0.6307646279699494,22,0.26279352838966363,8,False
wavelet-LHH_glcm_Idn,0.6324620670037068,22,0.29505330545068675,8,False
wavelet-LHH_glcm_Imc1,0.7155844084171031,22,0.09117931701541611,8,False
wavelet-LHH_glcm_Imc2,0.7718724931464145,22,-0.2237258626796247,8,True
wavelet-LHH_glcm_InverseVariance,0.5356666140040869,22,-0.4970836270335478,8,False
wavelet-LHH_glcm_JointAverage,0.8827037197635585,22,-0.2034089907517846,8,True
wavelet-LHH_glcm_JointEnergy,0.1417922710203131,22,-0.19619067944295637,8,False
wavelet-LHH_glcm_JointEntropy,0.6985640354543233,22,-0.4304851937340799,8,False
wavelet-LHH_glcm_MCC,0.5835763458876734,22,0.724929864957362,8,False
wavelet-LHH_glcm_MaximumProbability,0.12376258309241353,22,-0.15453991569135658,8,False
wavelet-LHH_glcm_SumAverage,0.8827037197635583,22,-0.20340899075178467,8,True
wavelet-LHH_glcm_SumEntropy,0.7265388973362721,22,-0.5286828252232975,8,False
wavelet-LHH_glcm_SumSquares,0.8861688529216196,22,-0.6209966213463473,8,True
wavelet-LHH_glrlm_GrayLevelNonUniformity,0.5414735589657546,22,0.12262157128848068,8,False
wavelet-LHH_glrlm_GrayLevelNonUniformityNormalized,0.4758205919776643,22,-0.45017712466802995,8,False
wavelet-LHH_glrlm_GrayLevelVariance,0.8890044254941112,22,-0.6155374159425028,8,True
wavelet-LHH_glrlm_HighGrayLevelRunEmphasis,0.8732588121018201,22,-0.17607904238992492,8,True
wavelet-LHH_glrlm_LongRunEmphasis,0.20611833318447215,22,-0.4302449601396476,8,False
wavelet-LHH_glrlm_LongRunHighGrayLevelEmphasis,0.8663849041091489,22,-0.13993577000869623,8,True
wavelet-LHH_glrlm_LongRunLowGrayLevelEmphasis,0.12036415491225053,22,0.12809146726882212,8,False
wavelet-LHH_glrlm_LowGrayLevelRunEmphasis,0.19500882489873403,22,0.21088589729644713,8,False
wavelet-LHH_glrlm_RunEntropy,0.8160184909050986,22,-0.6020240722663909,8,True
wavelet-LHH_glrlm_RunLengthNonUniformity,0.7498641871162762,22,0.607754460951637,8,False
wavelet-LHH_glrlm_RunLengthNonUniformityNormalized,0.4019423752530061,22,-0.4984756963078678,8,False
wavelet-LHH_glrlm_RunPercentage,0.33337345215190384,22,-0.47689504074802325,8,False
wavelet-LHH_glrlm_RunVariance,0.16151246528936952,22,-0.41780842704133847,8,False
wavelet-LHH_glrlm_ShortRunEmphasis,0.3460764141246849,22,-0.4732877947019494,8,False
wavelet-LHH_glrlm_ShortRunHighGrayLevelEmphasis,0.8749215679157082,22,-0.18394255070937868,8,True
wavelet-LHH_glrlm_ShortRunLowGrayLevelEmphasis,0.2146875210517233,22,0.23453405047177547,8,False
wavelet-LHH_glszm_GrayLevelNonUniformity,0.7477352847121322,22,0.5277583403185442,8,False
wavelet-LHH_glszm_GrayLevelNonUniformityNormalized,0.5297111058010909,22,-0.4035780480187918,8,False
wavelet-LHH_glszm_GrayLevelVariance,0.9000635050409602,22,-0.5393569309025674,8,True
wavelet-LHH_glszm_HighGrayLevelZoneEmphasis,0.874066514194699,22,-0.1721405549667306,8,True
wavelet-LHH_glszm_LargeAreaEmphasis,0.000828080939574914,22,-0.011215473310393414,8,False
wavelet-LHH_glszm_LargeAreaHighGrayLevelEmphasis,-0.0047464739405753955,22,-0.032600675755476746,8,False
wavelet-LHH_glszm_LargeAreaLowGrayLevelEmphasis,0.00015821963067610476,22,-0.002907145483032376,8,False
wavelet-LHH_glszm_LowGrayLevelZoneEmphasis,0.1631811339703544,22,0.21634669851435687,8,False
wavelet-LHH_glszm_SizeZoneNonUniformity,0.8237750984055388,22,0.6568821772408813,8,True
wavelet-LHH_glszm_SizeZoneNonUniformityNormalized,0.7437560598584949,22,-0.604372517098523,8,False
wavelet-LHH_glszm_SmallAreaEmphasis,0.6756742913852075,22,-0.5768043403624601,8,False
wavelet-LHH_glszm_SmallAreaHighGrayLevelEmphasis,0.8883881513666566,22,-0.19942256511800902,8,True
wavelet-LHH_glszm_SmallAreaLowGrayLevelEmphasis,0.22584007894621003,22,0.3478588287301853,8,False
wavelet-LHH_glszm_ZoneEntropy,0.7827758507078456,22,0.153518739241225,8,True
wavelet-LHH_glszm_ZonePercentage,0.6555926791337984,22,-0.6126033187362033,8,False
wavelet-LHH_glszm_ZoneVariance,0.0006281539854668401,22,-0.009343067001285519,8,False
wavelet-LHH_gldm_DependenceEntropy,0.8666282936237653,22,-0.10660582588663464,8,True
wavelet-LHH_gldm_DependenceNonUniformity,0.8135451038354957,22,0.650004326881128,8,True
wavelet-LHH_gldm_DependenceNonUniformityNormalized,0.7804976162517777,22,-0.7521642714404744,8,True
wavelet-LHH_gldm_DependenceVariance,0.16157213328021638,22,-0.3750837210202648,8,False
wavelet-LHH_gldm_GrayLevelNonUniformity,0.4859903548168931,22,0.0862608594852967,8,False
wavelet-LHH_gldm_GrayLevelVariance,0.888001571705712,22,-0.6189130286580738,8,True
wavelet-LHH_gldm_HighGrayLevelEmphasis,0.8731899819710545,22,-0.1762771614836174,8,True
wavelet-LHH_gldm_LargeDependenceEmphasis,0.16596112053441375,22,-0.3629078718338031,8,False
wavelet-LHH_gldm_LargeDependenceHighGrayLevelEmphasis,0.7685975297047881,22,0.3714155438890933,8,True
wavelet-LHH_gldm_LargeDependenceLowGrayLevelEmphasis,0.03143215589189009,22,-0.07257499458723927,8,False
wavelet-LHH_gldm_LowGrayLevelEmphasis,0.19762365745207489,22,0.20837128374166977,8,False
wavelet-LHH_gldm_SmallDependenceEmphasis,0.6927543802827266,22,-0.6479991846411659,8,False
wavelet-LHH_gldm_SmallDependenceHighGrayLevelEmphasis,0.9038332829865183,22,-0.27090987411179207,8,True
wavelet-LHH_gldm_SmallDependenceLowGrayLevelEmphasis,0.5648442222626956,22,0.641429129814095,8,False
wavelet-LHH_ngtdm_Busyness,0.15720393865421164,22,-0.23949967250439907,8,False
wavelet-LHH_ngtdm_Coarseness,0.692337626292084,22,0.18556226054900543,8,False
wavelet-LHH_ngtdm_Complexity,0.9385885099502027,22,-0.17428105976468358,8,True
wavelet-LHH_ngtdm_Contrast,0.6729409833300991,22,-0.42014588317221946,8,False
wavelet-LHH_ngtdm_Strength,0.863363525465667,22,-0.47813003912398655,8,True
wavelet-HLL_shape_Elongation,0.4697598842624501,22,0.5738864996852152,8,False
wavelet-HLL_shape_Flatness,0.616507232972749,22,0.6148435803984232,8,False
wavelet-HLL_shape_LeastAxisLength,0.7669594053436322,22,0.8118146024205378,8,True
wavelet-HLL_shape_MajorAxisLength,0.7644796519635452,22,0.5697862559124197,8,True
wavelet-HLL_shape_Maximum2DDiameterColumn,0.8211426819564499,22,0.4773879265459173,8,True
wavelet-HLL_shape_Maximum2DDiameterRow,0.7385779235397708,22,0.3607357215725509,8,False
wavelet-HLL_shape_Maximum2DDiameterSlice,0.6496447982144226,22,0.5852050439216012,8,False
wavelet-HLL_shape_Maximum3DDiameter,0.739142709602197,22,0.41764856156734387,8,False
wavelet-HLL_shape_MeshVolume,0.7283102577095294,22,0.5641616353792328,8,False
wavelet-HLL_shape_MinorAxisLength,0.6657388317444173,22,0.6521972274917414,8,False
wavelet-HLL_shape_Sphericity,0.5113266810893029,22,0.764270329765584,8,False
wavelet-HLL_shape_SurfaceArea,0.7442170545138365,22,0.7226857197978283,8,False
wavelet-HLL_shape_SurfaceVolumeRatio,0.5015427142356769,22,0.11105134467485078,8,False
wavelet-HLL_shape_VoxelVolume,0.7286509529434513,22,0.5653591439073548,8,False
wavelet-HLL_firstorder_10Percentile,0.8228050171037626,22,0.08438818565400845,8,True
wavelet-HLL_firstorder_90Percentile,0.8635399481498951,22,-0.054794520547945265,8,True
wavelet-HLL_firstorder_Energy,0.7288665458171999,22,0.5601573851348262,8,False
wavelet-HLL_firstorder_Entropy,0.9014789146688524,22,0.05971306410098328,8,True
wavelet-HLL_firstorder_InterquartileRange,0.8152257077276203,22,-0.17167381974248924,8,True
wavelet-HLL_firstorder_Kurtosis,0.5538111812803596,22,-0.0770062582467873,8,False
wavelet-HLL_firstorder_Maximum,0.7095705958017461,22,0.13512024967872224,8,False
wavelet-HLL_firstorder_MeanAbsoluteDeviation,0.8907532419540244,22,-0.030934530223005657,8,True
wavelet-HLL_firstorder_Mean,0.45200371941498946,22,0.6082915325102929,8,False
wavelet-HLL_firstorder_Median,0.630343671416596,22,0.0,8,False
wavelet-HLL_firstorder_Minimum,0.7372973156431449,22,0.5099601593625498,8,False
wavelet-HLL_firstorder_Range,0.7781121968405235,22,0.3993935875104832,8,True
wavelet-HLL_firstorder_RobustMeanAbsoluteDeviation,0.854357983858427,22,-0.15189573121714756,8,True
wavelet-HLL_firstorder_RootMeanSquared,0.5185990588980729,22,0.5818358061893636,8,False
wavelet-HLL_firstorder_Skewness,0.5041306930489523,22,0.581883297084337,8,False
wavelet-HLL_firstorder_TotalEnergy,0.7288665458171992,22,0.5601573851348262,8,False
wavelet-HLL_firstorder_Uniformity,0.8847130602624167,22,-0.04934620108265638,8,True
wavelet-HLL_firstorder_Variance,0.8601735744075206,22,0.19012046518983022,8,True
wavelet-HLL_glcm_Autocorrelation,0.6259021019161619,22,0.5092145460362939,8,False
wavelet-HLL_glcm_ClusterProminence,0.3914765123547567,22,0.38235658743493856,8,False
wavelet-HLL_glcm_ClusterShade,0.11049616088905712,22,0.5921408216484346,8,False
wavelet-HLL_glcm_ClusterTendency,0.7907644025574667,22,0.32875777637529924,8,True
wavelet-HLL_glcm_Contrast,0.8807186149325587,22,-0.1457068609173494,8,True
wavelet-HLL_glcm_Correlation,0.6022803831759671,22,-0.18640922691431105,8,False
wavelet-HLL_glcm_DifferenceAverage,0.8853141653014694,22,-0.19807828947912323,8,True
wavelet-HLL_glcm_DifferenceEntropy,0.9031879577310274,22,-0.14348173419981167,8,True
wavelet-HLL_glcm_DifferenceVariance,0.8035567080729047,22,0.07612072280968997,8,True
wavelet-HLL_glcm_Id,0.8498659394518251,22,-0.15652906003476433,8,True
wavelet-HLL_glcm_Idm,0.8396318725078634,22,-0.15030841798068081,8,True
wavelet-HLL_glcm_Idmn,0.6197535275093218,22,-0.1954099625529337,8,False
wavelet-HLL_glcm_Idn,0.5771596269592015,22,-0.15576416289230585,8,False
wavelet-HLL_glcm_Imc1,0.8687101171907412,22,0.44998910545296633,8,True
wavelet-HLL_glcm_Imc2,0.8777207151447083,22,-0.13998166330011855,8,True
wavelet-HLL_glcm_InverseVariance,0.845671806549237,22,-0.16413745264395466,8,True
wavelet-HLL_glcm_JointAverage,0.7394811620278307,22,0.5085424032994369,8,False
wavelet-HLL_glcm_JointEnergy,0.8505106603369618,22,0.0077638765840891385,8,True
wavelet-HLL_glcm_JointEntropy,0.895188101246472,22,0.24063482421902033,8,True
wavelet-HLL_glcm_MCC,0.5794893641358391,22,0.6459491067354851,8,False
wavelet-HLL_glcm_MaximumProbability,0.8518529512212124,22,0.15756296759838345,8,True
wavelet-HLL_glcm_SumAverage,0.7394811620278284,22,0.508542403299435,8,False
wavelet-HLL_glcm_SumEntropy,0.8859677909858574,22,0.17767367207977441,8,True
wavelet-HLL_glcm_SumSquares,0.8430364742574107,22,0.1185290314781816,8,True
wavelet-HLL_glrlm_GrayLevelNonUniformity,0.6447807659572494,22,0.33183437973036756,8,False
wavelet-HLL_glrlm_GrayLevelNonUniformityNormalized,0.8873078558321394,22,-0.04431939335515377,8,True
wavelet-HLL_glrlm_GrayLevelVariance,0.8594793054265331,22,0.20891375647195326,8,True
wavelet-HLL_glrlm_HighGrayLevelRunEmphasis,0.6315230390696419,22,0.5058310656399906,8,False
wavelet-HLL_glrlm_LongRunEmphasis,0.7110467569063281,22,-0.23584450365742227,8,False
wavelet-HLL_glrlm_LongRunHighGrayLevelEmphasis,0.6283214841352422,22,0.5137079371986615,8,False
wavelet-HLL_glrlm_LongRunLowGrayLevelEmphasis,0.8676936448066854,22,0.4263193808668657,8,True
wavelet-HLL_glrlm_LowGrayLevelRunEmphasis,0.8638036032884135,22,0.41689282123205085,8,True
wavelet-HLL_glrlm_RunEntropy,0.9012313022539906,22,0.24117703632433415,8,True
wavelet-HLL_glrlm_RunLengthNonUniformity,0.7466704615143707,22,0.6037447458132793,8,False
wavelet-HLL_glrlm_RunLengthNonUniformityNormalized,0.7585638877700958,22,-0.21083021890260592,8,True
wavelet-HLL_glrlm_RunPercentage,0.7456340779308245,22,-0.2257231380336466,8,False
wavelet-HLL_glrlm_RunVariance,0.6737896949532244,22,-0.24116290943177499,8,False
wavelet-HLL_glrlm_ShortRunEmphasis,0.7530999125602272,22,-0.21480974428808106,8,True
wavelet-HLL_glrlm_ShortRunHighGrayLevelEmphasis,0.6323227514240457,22,0.5030309131065734,8,False
wavelet-HLL_glrlm_ShortRunLowGrayLevelEmphasis,0.8624285459124301,22,0.4140407416018478,8,True
wavelet-HLL_glszm_GrayLevelNonUniformity,0.7572616364430412,22,0.5765656720148222,8,True
wavelet-HLL_glszm_GrayLevelNonUniformityNormalized,0.9096512167472963,22,0.19306991764775278,8,True
wavelet-HLL_glszm_GrayLevelVariance,0.8426168591714917,22,0.4494140423273659,8,True
wavelet-HLL_glszm_HighGrayLevelZoneEmphasis,0.6325408080876697,22,0.5056678992302134,8,False
wavelet-HLL_glszm_LargeAreaEmphasis,0.5237105706858871,22,-0.09290362285859063,8,False
wavelet-HLL_glszm_LargeAreaHighGrayLevelEmphasis,0.5249525199589601,22,-0.04369933895817409,8,False
wavelet-HLL_glszm_LargeAreaLowGrayLevelEmphasis,0.6892525997059052,22,0.001960758889654623,8,False
wavelet-HLL_glszm_LowGrayLevelZoneEmphasis,0.8732768800077509,22,0.5205586991198622,8,True
wavelet-HLL_glszm_SizeZoneNonUniformity,0.8409904019247554,22,0.7990810733052391,8,True
wavelet-HLL_glszm_SizeZoneNonUniformityNormalized,0.7848226737447156,22,-0.40379035826780196,8,True
wavelet-HLL_glszm_SmallAreaEmphasis,0.7855605991344757,22,-0.3931153844065505,8,True
wavelet-HLL_glszm_SmallAreaHighGrayLevelEmphasis,0.6411005419090386,22,0.4796868539112106,8,False
wavelet-HLL_glszm_SmallAreaLowGrayLevelEmphasis,0.8660327467839463,22,0.5875149819581481,8,True
wavelet-HLL_glszm_ZoneEntropy,0.42952833924176625,22,0.27727688633196357,8,False
wavelet-HLL_glszm_ZonePercentage,0.7656839931438542,22,-0.2599383654779452,8,True
wavelet-HLL_glszm_ZoneVariance,0.47550086231658173,22,-0.07557134113264362,8,False
wavelet-HLL_gldm_DependenceEntropy,0.6153608957529874,22,0.36881921406898616,8,False
wavelet-HLL_gldm_DependenceNonUniformity,0.8207877323026448,22,0.7601772528660733,8,True
wavelet-HLL_gldm_DependenceNonUniformityNormalized,0.7567895211897403,22,-0.2542862616424479,8,True
wavelet-HLL_gldm_DependenceVariance,0.7106125094593733,22,-0.17628756357227313,8,False
wavelet-HLL_gldm_GrayLevelNonUniformity,0.6355027335295421,22,0.31131278226566556,8,False
wavelet-HLL_gldm_GrayLevelVariance,0.8601735744075203,22,0.19012046518983006,8,True
wavelet-HLL_gldm_HighGrayLevelEmphasis,0.6314427349981916,22,0.5058249976707636,8,False
wavelet-HLL_gldm_LargeDependenceEmphasis,0.721441805671241,22,-0.1976004365064356,8,False
wavelet-HLL_gldm_LargeDependenceHighGrayLevelEmphasis,0.6074252185576401,22,0.37958958590735925,8,False
wavelet-HLL_gldm_LargeDependenceLowGrayLevelEmphasis,0.8447849546116118,22,0.13666763711042895,8,True
wavelet-HLL_gldm_LowGrayLevelEmphasis,0.8631201780974141,22,0.4104042381911022,8,True
wavelet-HLL_gldm_SmallDependenceEmphasis,0.7720992137587456,22,-0.28600437011941165,8,True
wavelet-HLL_gldm_SmallDependenceHighGrayLevelEmphasis,0.6466830644884468,22,0.41054512363806006,8,False
wavelet-HLL_gldm_SmallDependenceLowGrayLevelEmphasis,0.8314893071401084,22,0.3644115794789944,8,True
wavelet-HLL_ngtdm_Busyness,0.7903639592420182,22,0.10921933112380468,8,True
wavelet-HLL_ngtdm_Coarseness,0.6940997714725418,22,0.31352751031750664,8,False
wavelet-HLL_ngtdm_Complexity,0.7297023788716059,22,0.43972757149308456,8,False
wavelet-HLL_ngtdm_Contrast,0.626801133934748,22,-0.3262768854827148,8,False
wavelet-HLL_ngtdm_Strength,0.9048234424109848,22,0.07331704605956765,8,True
wavelet-HLH_shape_Elongation,0.4697598842624501,22,0.5738864996852152,8,False
wavelet-HLH_shape_Flatness,0.616507232972749,22,0.6148435803984232,8,False
wavelet-HLH_shape_LeastAxisLength,0.7669594053436322,22,0.8118146024205378,8,True
wavelet-HLH_shape_MajorAxisLength,0.7644796519635452,22,0.5697862559124197,8,True
wavelet-HLH_shape_Maximum2DDiameterColumn,0.8211426819564499,22,0.4773879265459173,8,True
wavelet-HLH_shape_Maximum2DDiameterRow,0.7385779235397708,22,0.3607357215725509,8,False
wavelet-HLH_shape_Maximum2DDiameterSlice,0.6496447982144226,22,0.5852050439216012,8,False
wavelet-HLH_shape_Maximum3DDiameter,0.739142709602197,22,0.41764856156734387,8,False
wavelet-HLH_shape_MeshVolume,0.7283102577095294,22,0.5641616353792328,8,False
wavelet-HLH_shape_MinorAxisLength,0.6657388317444173,22,0.6521972274917414,8,False
wavelet-HLH_shape_Sphericity,0.5113266810893029,22,0.764270329765584,8,False
wavelet-HLH_shape_SurfaceArea,0.7442170545138365,22,0.7226857197978283,8,False
wavelet-HLH_shape_SurfaceVolumeRatio,0.5015427142356769,22,0.11105134467485078,8,False
wavelet-HLH_shape_VoxelVolume,0.7286509529434513,22,0.5653591439073548,8,False
wavelet-HLH_firstorder_10Percentile,0.7711738484398211,22,-0.10152284263959399,8,True
wavelet-HLH_firstorder_90Percentile,0.7610756766074825,22,-0.15669515669515668,8,True
wavelet-HLH_firstorder_Energy,0.7288254240079646,22,0.5661489411918418,8,False
wavelet-HLH_firstorder_Entropy,0.7906684817756674,22,-0.20051784670496628,8,True
wavelet-HLH_firstorder_InterquartileRange,0.7507362784471218,22,-0.10425240054869689,8,True
wavelet-HLH_firstorder_Kurtosis,0.6610759446106504,22,0.019936422347832643,8,False
wavelet-HLH_firstorder_Maximum,0.43210841908269115,22,-0.779645436638214,8,False
wavelet-HLH_firstorder_MeanAbsoluteDeviation,0.7771998898945867,22,-0.21523418241472853,8,True
wavelet-HLH_firstorder_Mean,0.5209356047245638,22,0.33804940133250183,8,False
wavelet-HLH_firstorder_Median,0.5070422535211284,22,0.3883495145631068,8,False
wavelet-HLH_firstorder_Minimum,0.6828054782794778,22,-0.44769435705580585,8,False
wavelet-HLH_firstorder_Range,0.612790208610735,22,-0.5777282513442459,8,False
wavelet-HLH_firstorder_RobustMeanAbsoluteDeviation,0.7672279193312469,22,-0.1745755648810198,8,True
wavelet-HLH_firstorder_RootMeanSquared,0.5938205442064541,22,-0.06528272527946943,8,False
wavelet-HLH_firstorder_Skewness,0.6420757641311404,22,0.017518874740421724,8,False
wavelet-HLH_firstorder_TotalEnergy,0.7288254240079646,22,0.5661489411918421,8,False
wavelet-HLH_firstorder_Uniformity,0.8117939304261731,22,-0.1903236685603257,8,True
wavelet-HLH_firstorder_Variance,0.7753038728468479,22,-0.18420712212051396,8,True
wavelet-HLH_glcm_Autocorrelation,0.6095668403724558,22,-0.4048625964991547,8,False
wavelet-HLH_glcm_ClusterProminence,0.7761216063351509,22,-0.08933418255765903,8,True
wavelet-HLH_glcm_ClusterShade,0.6943122964179662,22,0.0990440870453382,8,False
wavelet-HLH_glcm_ClusterTendency,0.7911773950325914,22,-0.18390568364958215,8,True
wavelet-HLH_glcm_Contrast,0.7744846620801963,22,-0.1528953324565409,8,True
wavelet-HLH_glcm_Correlation,0.6546766473421204,22,0.4193032035590746,8,False
wavelet-HLH_glcm_DifferenceAverage,0.7863553053204755,22,-0.19317420522447487,8,True
wavelet-HLH_glcm_DifferenceEntropy,0.8116482467949107,22,-0.23209715811342932,8,True
wavelet-HLH_glcm_DifferenceVariance,0.765857439684295,22,-0.15032604777979813,8,True
wavelet-HLH_glcm_Id,0.8215515146938658,22,-0.20662669413293577,8,True
wavelet-HLH_glcm_Idm,0.8323779032941229,22,-0.2034023719872835,8,True
wavelet-HLH_glcm_Idmn,0.46705787603453874,22,0.1013873523869754,8,False
wavelet-HLH_glcm_Idn,0.4578704068039075,22,0.08673797323295754,8,False
wavelet-HLH_glcm_Imc1,0.7676382531142414,22,0.5469322294475494,8,True
wavelet-HLH_glcm_Imc2,0.7888430309270401,22,0.37511017579278544,8,True
wavelet-HLH_glcm_InverseVariance,0.8289200964949832,22,-0.22971495886348178,8,True
wavelet-HLH_glcm_JointAverage,0.6811446577699103,22,-0.4472416174596422,8,False
wavelet-HLH_glcm_JointEnergy,0.8536441518266942,22,-0.2055871357892564,8,True
wavelet-HLH_glcm_JointEntropy,0.8019901810247488,22,-0.3094125843878104,8,True
wavelet-HLH_glcm_MCC,0.6961081654953989,22,0.3862243020909471,8,False
wavelet-HLH_glcm_MaximumProbability,0.8638660963321877,22,-0.06833992943978434,8,True
wavelet-HLH_glcm_SumAverage,0.6811446577699095,22,-0.4472416174596425,8,False
wavelet-HLH_glcm_SumEntropy,0.805602419249599,22,-0.23185162697642953,8,True
wavelet-HLH_glcm_SumSquares,0.7827713698713247,22,-0.16866421110071925,8,True
wavelet-HLH_glrlm_GrayLevelNonUniformity,0.6315688017556735,22,0.46436418691256187,8,False
wavelet-HLH_glrlm_GrayLevelNonUniformityNormalized,0.8102979883978457,22,-0.18889693019315013,8,True
wavelet-HLH_glrlm_GrayLevelVariance,0.7745624434479353,22,-0.1846437054613931,8,True
wavelet-HLH_glrlm_HighGrayLevelRunEmphasis,0.6141779638873198,22,-0.4002142307261704,8,False
wavelet-HLH_glrlm_LongRunEmphasis,0.8180622583844955,22,-0.07586681726396528,8,True
wavelet-HLH_glrlm_LongRunHighGrayLevelEmphasis,0.6021246696375332,22,-0.40850420515807495,8,False
wavelet-HLH_glrlm_LongRunLowGrayLevelEmphasis,0.5912590325681294,22,0.1465075188247077,8,False
wavelet-HLH_glrlm_LowGrayLevelRunEmphasis,0.5665656043911397,22,0.12673128784512214,8,False
wavelet-HLH_glrlm_RunEntropy,0.7800735032396702,22,-0.22306183225521914,8,True
wavelet-HLH_glrlm_RunLengthNonUniformity,0.7446957739643448,22,0.5728226936825737,8,False
wavelet-HLH_glrlm_RunLengthNonUniformityNormalized,0.7979395742032841,22,-0.0453636324213189,8,True
wavelet-HLH_glrlm_RunPercentage,0.807079051643689,22,-0.059774832791750165,8,True
wavelet-HLH_glrlm_RunVariance,0.8300415202692779,22,-0.09246954232753424,8,True
wavelet-HLH_glrlm_ShortRunEmphasis,0.8010477433599095,22,-0.05038655551472049,8,True
wavelet-HLH_glrlm_ShortRunHighGrayLevelEmphasis,0.6167779226330754,22,-0.39790703713903275,8,False
wavelet-HLH_glrlm_ShortRunLowGrayLevelEmphasis,0.5608898772984214,22,0.12082663899554234,8,False
wavelet-HLH_glszm_GrayLevelNonUniformity,0.7519930455433537,22,0.589654684061281,8,True
wavelet-HLH_glszm_GrayLevelNonUniformityNormalized,0.7882769289148687,22,-0.14124773697330528,8,True
wavelet-HLH_glszm_GrayLevelVariance,0.7630696714061586,22,-0.19059855891111446,8,True
wavelet-HLH_glszm_HighGrayLevelZoneEmphasis,0.6163153382682649,22,-0.399588810656401,8,False
wavelet-HLH_glszm_LargeAreaEmphasis,0.5799976561521182,22,-0.0008449910732755322,8,False
wavelet-HLH_glszm_LargeAreaHighGrayLevelEmphasis,0.3398746649213579,22,0.17931529078157016,8,False
wavelet-HLH_glszm_LargeAreaLowGrayLevelEmphasis,0.7173662886842843,22,0.17258129286559412,8,False
wavelet-HLH_glszm_LowGrayLevelZoneEmphasis,0.5866014560110875,22,0.08934376425350421,8,False
wavelet-HLH_glszm_SizeZoneNonUniformity,0.8126940663356759,22,0.5221346376108198,8,True
wavelet-HLH_glszm_SizeZoneNonUniformityNormalized,0.8095238281433846,22,0.0476612823924809,8,True
wavelet-HLH_glszm_SmallAreaEmphasis,0.8067782541554553,22,0.062274051839018775,8,True
wavelet-HLH_glszm_SmallAreaHighGrayLevelEmphasis,0.6317707858254439,22,-0.37620637580858274,8,False
wavelet-HLH_glszm_SmallAreaLowGrayLevelEmphasis,0.5675479825663869,22,-0.03285293809457529,8,False
wavelet-HLH_glszm_ZoneEntropy,0.538656448519513,22,-0.3381252655952125,8,False
wavelet-HLH_glszm_ZonePercentage,0.7956295961122976,22,-0.0422814753074323,8,True
wavelet-HLH_glszm_ZoneVariance,0.547325509222217,22,-0.000412882794866902,8,False
wavelet-HLH_gldm_DependenceEntropy,0.6262311442386421,22,-0.38951630342635907,8,False
wavelet-HLH_gldm_DependenceNonUniformity,0.8025865704049663,22,0.5204462743400294,8,True
wavelet-HLH_gldm_DependenceNonUniformityNormalized,0.7960379719837303,22,-0.10108329923415942,8,True
wavelet-HLH_gldm_DependenceVariance,0.8148558304168874,22,-0.04796073452725511,8,True
wavelet-HLH_gldm_GrayLevelNonUniformity,0.6216251984158678,22,0.4526524699483483,8,False
wavelet-HLH_gldm_GrayLevelVariance,0.7753038728468477,22,-0.18420712212051396,8,True
wavelet-HLH_gldm_HighGrayLevelEmphasis,0.6139878068277229,22,-0.4002807554598848,8,False
wavelet-HLH_gldm_LargeDependenceEmphasis,0.8105430090347729,22,-0.046514031766254925,8,True
wavelet-HLH_gldm_LargeDependenceHighGrayLevelEmphasis,0.47267656085714976,22,-0.4140580048927594,8,False
wavelet-HLH_gldm_LargeDependenceLowGrayLevelEmphasis,0.7645695004091525,22,0.224841855743318,8,True
wavelet-HLH_gldm_LowGrayLevelEmphasis,0.5658096600038237,22,0.12576273090852164,8,False
wavelet-HLH_gldm_SmallDependenceEmphasis,0.8018936691092192,22,-0.04902127889392839,8,True
wavelet-HLH_gldm_SmallDependenceHighGrayLevelEmphasis,0.6579743389131191,22,-0.34458336512411314,8,False
wavelet-HLH_gldm_SmallDependenceLowGrayLevelEmphasis,0.49414483311499646,22,-0.028866431098036424,8,False
wavelet-HLH_ngtdm_Busyness,0.7724829053855895,22,-0.17951100564608286,8,True
wavelet-HLH_ngtdm_Coarseness,0.6913612228431403,22,0.2173524782395138,8,False
wavelet-HLH_ngtdm_Complexity,0.7258724341691531,22,-0.2062216677913135,8,False
wavelet-HLH_ngtdm_Contrast,0.6836173825778168,22,0.16345764574852506,8,False
wavelet-HLH_ngtdm_Strength,0.9171944065754198,22,-0.0006894843272141445,8,True
wavelet-HHL_shape_Elongation,0.4697598842624501,22,0.5738864996852152,8,False
wavelet-HHL_shape_Flatness,0.616507232972749,22,0.6148435803984232,8,False
wavelet-HHL_shape_LeastAxisLength,0.7669594053436322,22,0.8118146024205378,8,True
wavelet-HHL_shape_MajorAxisLength,0.7644796519635452,22,0.5697862559124197,8,True
wavelet-HHL_shape_Maximum2DDiameterColumn,0.8211426819564499,22,0.4773879265459173,8,True
wavelet-HHL_shape_Maximum2DDiameterRow,0.7385779235397708,22,0.3607357215725509,8,False
wavelet-HHL_shape_Maximum2DDiameterSlice,0.6496447982144226,22,0.5852050439216012,8,False
wavelet-HHL_shape_Maximum3DDiameter,0.739142709602197,22,0.41764856156734387,8,False
wavelet-HHL_shape_MeshVolume,0.7283102577095294,22,0.5641616353792328,8,False
wavelet-HHL_shape_MinorAxisLength,0.6657388317444173,22,0.6521972274917414,8,False
wavelet-HHL_shape_Sphericity,0.5113266810893029,22,0.764270329765584,8,False
wavelet-HHL_shape_SurfaceArea,0.7442170545138365,22,0.7226857197978283,8,False
wavelet-HHL_shape_SurfaceVolumeRatio,0.5015427142356769,22,0.11105134467485078,8,False
wavelet-HHL_shape_VoxelVolume,0.7286509529434513,22,0.5653591439073548,8,False
wavelet-HHL_firstorder_10Percentile,0.759334343535477,22,-0.2767295597484277,8,True
wavelet-HHL_firstorder_90Percentile,0.7448694795600058,22,-0.2694300518134715,8,False
wavelet-HHL_firstorder_Energy,0.7297682099068515,22,0.5676244267891071,8,False
wavelet-HHL_firstorder_Entropy,0.45108913858230465,22,-0.16854880605225342,8,False
wavelet-HHL_firstorder_InterquartileRange,0.7401019619149968,22,-0.25176470588235295,8,False
wavelet-HHL_firstorder_Kurtosis,0.6042638717423453,22,0.013393350368661162,8,False
wavelet-HHL_firstorder_Maximum,0.7797787849450387,22,0.23474131467133216,8,True
wavelet-HHL_firstorder_MeanAbsoluteDeviation,0.7746276131784258,22,-0.3221880535358139,8,True
wavelet-HHL_firstorder_Mean,-0.48089967863855376,22,0.5354497022218944,8,False
wavelet-HHL_firstorder_Median,-1.1,22,-1.3333333333333333,8,False
wavelet-HHL_firstorder_Minimum,0.7902227178027524,22,-0.35919990821126707,8,True
wavelet-HHL_firstorder_Range,0.8090055759983751,22,-0.11450783399114933,8,True
wavelet-HHL_firstorder_RobustMeanAbsoluteDeviation,0.7370926836916568,22,-0.292175927701736,8,False
wavelet-HHL_firstorder_RootMeanSquared,0.504726534415769,22,0.12894301425052374,8,False
wavelet-HHL_firstorder_Skewness,0.75001451137653,22,0.4602141600208954,8,True
wavelet-HHL_firstorder_TotalEnergy,0.7297682099068515,22,0.5676244267891072,8,False
wavelet-HHL_firstorder_Uniformity,0.07466750350765074,22,-0.04580499148010441,8,False
wavelet-HHL_firstorder_Variance,0.8181917887466957,22,-0.310382747894558,8,True
wavelet-HHL_glcm_Autocorrelation,0.8308452515149829,22,-0.3008799136512354,8,True
wavelet-HHL_glcm_ClusterProminence,0.8804256725835867,22,-0.042432911797865756,8,True
wavelet-HHL_glcm_ClusterShade,-0.12228461637819196,22,0.5844150734724327,8,False
wavelet-HHL_glcm_ClusterTendency,0.8234059363457027,22,-0.3414689916953079,8,True
wavelet-HHL_glcm_Contrast,0.8096546814362612,22,-0.33788882661794717,8,True
wavelet-HHL_glcm_Correlation,0.1119207765725931,22,-0.09250917955683688,8,False
wavelet-HHL_glcm_DifferenceAverage,0.7672041176352618,22,-0.34622035356306324,8,True
wavelet-HHL_glcm_DifferenceEntropy,0.48472079144653973,22,-0.19510036125783112,8,False
wavelet-HHL_glcm_DifferenceVariance,0.8662614247323986,22,-0.3259394011405909,8,True
wavelet-HHL_glcm_Id,0.24950812305899608,22,-0.12313734251566845,8,False
wavelet-HHL_glcm_Idm,0.1669360330943493,22,-0.0895842978314474,8,False
wavelet-HHL_glcm_Idmn,0.42619907313682603,22,0.031133512566127123,8,False
wavelet-HHL_glcm_Idn,0.46810134619038013,22,0.05115547491915859,8,False
wavelet-HHL_glcm_Imc1,0.719221157226128,22,-0.003670573025152225,8,False
wavelet-HHL_glcm_Imc2,0.6956161203319997,22,-0.5063338758718846,8,False
wavelet-HHL_glcm_InverseVariance,0.3870397095332294,22,-0.1607744642453155,8,False
wavelet-HHL_glcm_JointAverage,0.7907903946628456,22,-0.358126694270283,8,True
wavelet-HHL_glcm_JointEnergy,0.008560796422614737,22,-0.006387379239787391,8,False
wavelet-HHL_glcm_JointEntropy,0.4016606518013141,22,-0.10104014794449778,8,False
wavelet-HHL_glcm_MCC,0.43727720314449553,22,-0.43469623223417364,8,False
wavelet-HHL_glcm_MaximumProbability,0.008850946235463921,22,-0.003493620459983974,8,False
wavelet-HHL_glcm_SumAverage,0.7907903946628456,22,-0.35812669427028193,8,True
wavelet-HHL_glcm_SumEntropy,0.4536871464917591,22,-0.1782709873787399,8,False
wavelet-HHL_glcm_SumSquares,0.816424863789691,22,-0.34019148293575335,8,True
wavelet-HHL_glrlm_GrayLevelNonUniformity,0.3393197908665109,22,-0.0947514931190192,8,False
wavelet-HHL_glrlm_GrayLevelNonUniformityNormalized,0.10845211344717749,22,-0.057374773140619666,8,False
wavelet-HHL_glrlm_GrayLevelVariance,0.8200949170914045,22,-0.30942236490292074,8,True
wavelet-HHL_glrlm_HighGrayLevelRunEmphasis,0.8328787895922309,22,-0.29851331774213674,8,True
wavelet-HHL_glrlm_LongRunEmphasis,0.014801315831794126,22,-0.020665208898746987,8,False
wavelet-HHL_glrlm_LongRunHighGrayLevelEmphasis,0.8284857017894285,22,-0.2784232102761029,8,True
wavelet-HHL_glrlm_LongRunLowGrayLevelEmphasis,0.006306710158665428,22,-0.002655586544347132,8,False
wavelet-HHL_glrlm_LowGrayLevelRunEmphasis,0.03731069829319964,22,-0.009011582940714118,8,False
wavelet-HHL_glrlm_RunEntropy,0.6539242859467964,22,-0.20698978459949283,8,False
wavelet-HHL_glrlm_RunLengthNonUniformity,0.7513539645459443,22,0.7153507539154647,8,True
wavelet-HHL_glrlm_RunLengthNonUniformityNormalized,0.11837880175333802,22,-0.08669007090834045,8,False
wavelet-HHL_glrlm_RunPercentage,0.06926668005910078,22,-0.05907702339801916,8,False
wavelet-HHL_glrlm_RunVariance,0.009037221952809595,22,-0.014374822040354658,8,False
wavelet-HHL_glrlm_ShortRunEmphasis,0.07545934221044615,22,-0.06276526642729795,8,False
wavelet-HHL_glrlm_ShortRunHighGrayLevelEmphasis,0.833866476682667,22,-0.3011741287222486,8,True
wavelet-HHL_glrlm_ShortRunLowGrayLevelEmphasis,0.052731524254366585,22,-0.011182598257347798,8,False
wavelet-HHL_glszm_GrayLevelNonUniformity,0.7283482411985951,22,0.7063580208984648,8,False
wavelet-HHL_glszm_GrayLevelNonUniformityNormalized,0.10441535844265665,22,-0.05120099474253805,8,False
wavelet-HHL_glszm_GrayLevelVariance,0.8412377418281698,22,-0.2680537117412365,8,True
wavelet-HHL_glszm_HighGrayLevelZoneEmphasis,0.8330870781467535,22,-0.29826483801938247,8,True
wavelet-HHL_glszm_LargeAreaEmphasis,3.0238469027634928e-05,22,-3.846508451482334e-05,8,False
wavelet-HHL_glszm_LargeAreaHighGrayLevelEmphasis,-0.002183464929715262,22,0.0006116210010162025,8,False
wavelet-HHL_glszm_LargeAreaLowGrayLevelEmphasis,1.6167443227011721e-06,22,-8.560581947747102e-07,8,False
wavelet-HHL_glszm_LowGrayLevelZoneEmphasis,0.030167463686563284,22,-0.0060489877065146,8,False
wavelet-HHL_glszm_SizeZoneNonUniformity,0.8497089182591765,22,0.8153950740081541,8,True
wavelet-HHL_glszm_SizeZoneNonUniformityNormalized,0.5772014184972655,22,-0.32801906717496415,8,False
wavelet-HHL_glszm_SmallAreaEmphasis,0.42436128533480066,22,-0.27282270046473606,8,False
wavelet-HHL_glszm_SmallAreaHighGrayLevelEmphasis,0.8363454648678545,22,-0.31185712736797383,8,True
wavelet-HHL_glszm_SmallAreaLowGrayLevelEmphasis,0.0568038197597653,22,-0.00500229383817901,8,False
wavelet-HHL_glszm_ZoneEntropy,0.4133549043759091,22,0.14677964138355137,8,False
wavelet-HHL_glszm_ZonePercentage,0.5195661489764533,22,-0.2616934120020312,8,False
wavelet-HHL_glszm_ZoneVariance,2.1366595478348412e-05,22,-2.8709668191021278e-05,8,False
wavelet-HHL_gldm_DependenceEntropy,0.5581984992792146,22,0.018098519579963154,8,False
wavelet-HHL_gldm_DependenceNonUniformity,0.8314918853761638,22,0.8029878588365377,8,True
wavelet-HHL_gldm_DependenceNonUniformityNormalized,0.6613541544446689,22,-0.3486239885328864,8,False
wavelet-HHL_gldm_DependenceVariance,0.01925988215959208,22,-0.022254732625578772,8,False
wavelet-HHL_gldm_GrayLevelNonUniformity,0.10591471819018286,22,-0.09552954628699672,8,False
wavelet-HHL_gldm_GrayLevelVariance,0.8181917887466951,22,-0.3103827478945578,8,True
wavelet-HHL_gldm_HighGrayLevelEmphasis,0.8328523759306319,22,-0.2985772628721462,8,True
wavelet-HHL_gldm_LargeDependenceEmphasis,0.015865466496507906,22,-0.01755742248904883,8,False
wavelet-HHL_gldm_LargeDependenceHighGrayLevelEmphasis,0.7546535072219086,22,-0.05887178481175099,8,True
wavelet-HHL_gldm_LargeDependenceLowGrayLevelEmphasis,0.0010314610681359246,22,-0.0005655815425136415,8,False
wavelet-HHL_gldm_LowGrayLevelEmphasis,0.037990075980174294,22,-0.0093395121540391,8,False
wavelet-HHL_gldm_SmallDependenceEmphasis,0.5591910226060073,22,-0.2878581794895361,8,False
wavelet-HHL_gldm_SmallDependenceHighGrayLevelEmphasis,0.841814754174688,22,-0.31348767933667343,8,True
wavelet-HHL_gldm_SmallDependenceLowGrayLevelEmphasis,0.3287367679780753,22,0.20703113855779975,8,False
wavelet-HHL_ngtdm_Busyness,0.03408958883388869,22,-0.0321560956626616,8,False
wavelet-HHL_ngtdm_Coarseness,0.6781804825952424,22,0.3534990545668795,8,False
wavelet-HHL_ngtdm_Complexity,0.9577637661747335,22,0.36725531833130054,8,True
wavelet-HHL_ngtdm_Contrast,0.5346253581395968,22,-0.20041337367989379,8,False
wavelet-HHL_ngtdm_Strength,0.8387891705575563,22,-0.4779047520984474,8,True
wavelet-HHH_shape_Elongation,0.4697598842624501,22,0.5738864996852152,8,False
wavelet-HHH_shape_Flatness,0.616507232972749,22,0.6148435803984232,8,False
wavelet-HHH_shape_LeastAxisLength,0.7669594053436322,22,0.8118146024205378,8,True
wavelet-HHH_shape_MajorAxisLength,0.7644796519635452,22,0.5697862559124197,8,True
wavelet-HHH_shape_Maximum2DDiameterColumn,0.8211426819564499,22,0.4773879265459173,8,True
wavelet-HHH_shape_Maximum2DDiameterRow,0.7385779235397708,22,0.3607357215725509,8,False
wavelet-HHH_shape_Maximum2DDiameterSlice,0.6496447982144226,22,0.5852050439216012,8,False
wavelet-HHH_shape_Maximum3DDiameter,0.739142709602197,22,0.41764856156734387,8,False
wavelet-HHH_shape_MeshVolume,0.7283102577095294,22,0.5641616353792328,8,False
wavelet-HHH_shape_MinorAxisLength,0.6657388317444173,22,0.6521972274917414,8,False
wavelet-HHH_shape_Sphericity,0.5113266810893029,22,0.764270329765584,8,False
wavelet-HHH_shape_SurfaceArea,0.7442170545138365,22,0.7226857197978283,8,False
wavelet-HHH_shape_SurfaceVolumeRatio,0.5015427142356769,22,0.11105134467485078,8,False
wavelet-HHH_shape_VoxelVolume,0.7286509529434513,22,0.5653591439073548,8,False
wavelet-HHH_firstorder_10Percentile,0.8298217179902756,22,-0.453769559032717,8,True
wavelet-HHH_firstorder_90Percentile,0.8367491166077733,22,-0.466047176554682,8,True
wavelet-HHH_firstorder_Energy,0.7293845889515919,22,0.5658783539342601,8,False
wavelet-HHH_firstorder_Entropy,0.6899810394659238,22,-0.4283048848482168,8,False
wavelet-HHH_firstorder_InterquartileRange,0.821548468317247,22,-0.5639187574671445,8,True
wavelet-HHH_firstorder_Kurtosis,0.39664708540873383,22,0.4569316602799453,8,False
wavelet-HHH_firstorder_Maximum,0.6990908875121646,22,-0.3377451375998709,8,False
wavelet-HHH_firstorder_MeanAbsoluteDeviation,0.841512322133677,22,-0.43226151895185455,8,True
wavelet-HHH_firstorder_Mean,-0.1039393665956312,22,0.2475601044782872,8,False
wavelet-HHH_firstorder_Median,-1.3433698597964579e-14,22,-1.3333333333333333,8,False
wavelet-HHH_firstorder_Minimum,0.762395930700172,22,0.1451318911854731,8,True
wavelet-HHH_firstorder_Range,0.7844561394757191,22,-0.09461017650711061,8,True
wavelet-HHH_firstorder_RobustMeanAbsoluteDeviation,0.8267201214004931,22,-0.480327023411362,8,True
wavelet-HHH_firstorder_RootMeanSquared,0.8566955732658471,22,-0.29511814832906436,8,True
wavelet-HHH_firstorder_Skewness,0.30428764607180325,22,0.8564714219318836,8,False
wavelet-HHH_firstorder_TotalEnergy,0.7293845889515919,22,0.5658783539342601,8,False
wavelet-HHH_firstorder_Uniformity,0.2593958161170467,22,-0.24852317395804974,8,False
wavelet-HHH_firstorder_Variance,0.8257772179994732,22,-0.25242906682493843,8,True
wavelet-HHH_glcm_Autocorrelation,0.7554731594735858,22,0.05376355497578121,8,True
wavelet-HHH_glcm_ClusterProminence,0.7103746235714908,22,-0.06518858896971313,8,False
wavelet-HHH_glcm_ClusterShade,0.4570053090003865,22,0.3470769504089698,8,False
wavelet-HHH_glcm_ClusterTendency,0.8236264782041512,22,-0.2541122812058118,8,True
wavelet-HHH_glcm_Contrast,0.823587806437505,22,-0.25277159007897093,8,True
wavelet-HHH_glcm_Correlation,0.3583563408420001,22,0.300100994357687,8,False
wavelet-HHH_glcm_DifferenceAverage,0.8373017220737508,22,-0.4252357844142176,8,True
wavelet-HHH_glcm_DifferenceEntropy,0.701232869802701,22,-0.44335977951870653,8,False
wavelet-HHH_glcm_DifferenceVariance,0.8350717382578218,22,-0.2553579316700123,8,True
wavelet-HHH_glcm_Id,0.4846763918721633,22,-0.354153293501635,8,False
wavelet-HHH_glcm_Idm,0.3592577810197243,22,-0.28534078029449944,8,False
wavelet-HHH_glcm_Idmn,0.496599380019067,22,0.037614529513140385,8,False
wavelet-HHH_glcm_Idn,0.4468244315716337,22,0.10601584883992633,8,False
wavelet-HHH_glcm_Imc1,0.6271597549548215,22,0.118149103025034,8,False
wavelet-HHH_glcm_Imc2,0.7768801056420099,22,-0.23741526363537743,8,True
wavelet-HHH_glcm_InverseVariance,0.45711786574665464,22,-0.30299892779895504,8,False
wavelet-HHH_glcm_JointAverage,0.7626385857070678,22,0.14484833517239867,8,True
wavelet-HHH_glcm_JointEnergy,0.04215683124456446,22,-0.08003102421834,8,False
wavelet-HHH_glcm_JointEntropy,0.6438565992135339,22,-0.3383665996900076,8,False
wavelet-HHH_glcm_MCC,0.26940812086505195,22,0.011482167735407117,8,False
wavelet-HHH_glcm_MaximumProbability,0.034927736762402975,22,-0.05217077014579472,8,False
wavelet-HHH_glcm_SumAverage,0.7626385857070672,22,0.1448483351723985,8,True
wavelet-HHH_glcm_SumEntropy,0.6780539078311895,22,-0.42434827181078666,8,False
wavelet-HHH_glcm_SumSquares,0.8236130568899196,22,-0.25342266715331496,8,True
wavelet-HHH_glrlm_GrayLevelNonUniformity,0.4267116814811947,22,0.028527290428218877,8,False
wavelet-HHH_glrlm_GrayLevelNonUniformityNormalized,0.3093150148758699,22,-0.26034373866609084,8,False
wavelet-HHH_glrlm_GrayLevelVariance,0.8264235407503459,22,-0.25261533017107934,8,True
wavelet-HHH_glrlm_HighGrayLevelRunEmphasis,0.763143427437797,22,0.039954242334901864,8,True
wavelet-HHH_glrlm_LongRunEmphasis,0.08517500148029634,22,-0.21216139973483397,8,False
wavelet-HHH_glrlm_LongRunHighGrayLevelEmphasis,0.7470141302553169,22,0.07456344701318465,8,False
wavelet-HHH_glrlm_LongRunLowGrayLevelEmphasis,0.13954299649144883,22,0.1917689839078329,8,False
wavelet-HHH_glrlm_LowGrayLevelRunEmphasis,0.3033137933739997,22,0.2771121255144111,8,False
wavelet-HHH_glrlm_RunEntropy,0.7799527425080168,22,-0.4444925249109199,8,True
wavelet-HHH_glrlm_RunLengthNonUniformity,0.7566201710027705,22,0.6409666347574933,8,True
wavelet-HHH_glrlm_RunLengthNonUniformityNormalized,0.28498757820343834,22,-0.2888550743673989,8,False
wavelet-HHH_glrlm_RunPercentage,0.20489826043927314,22,-0.2627860054845643,8,False
wavelet-HHH_glrlm_RunVariance,0.05559763374768931,22,-0.19671430507903237,8,False
wavelet-HHH_glrlm_ShortRunEmphasis,0.2226644846265309,22,-0.26165425508867046,8,False
wavelet-HHH_glrlm_ShortRunHighGrayLevelEmphasis,0.7666381000813335,22,0.0323905170229307,8,True
wavelet-HHH_glrlm_ShortRunLowGrayLevelEmphasis,0.34815957273952075,22,0.30147731411804246,8,False
wavelet-HHH_glszm_GrayLevelNonUniformity,0.745304990767417,22,0.583590110877453,8,False
wavelet-HHH_glszm_GrayLevelNonUniformityNormalized,0.27929942166416405,22,-0.2294833632952898,8,False
wavelet-HHH_glszm_GrayLevelVariance,0.8336317456449394,22,-0.24717846288557063,8,True
wavelet-HHH_glszm_HighGrayLevelZoneEmphasis,0.763186727686698,22,0.039770741101536604,8,True
wavelet-HHH_glszm_LargeAreaEmphasis,2.321669891974169e-05,22,-0.001382372448336193,8,False
wavelet-HHH_glszm_LargeAreaHighGrayLevelEmphasis,-0.003508872814029598,22,-0.023130066367280124,8,False
wavelet-HHH_glszm_LargeAreaLowGrayLevelEmphasis,2.8276732859499508e-05,22,-5.048649527959653e-06,8,False
wavelet-HHH_glszm_LowGrayLevelZoneEmphasis,0.27656878718288935,22,0.22735125314030954,8,False
wavelet-HHH_glszm_SizeZoneNonUniformity,0.8455691633648716,22,0.6496061836390199,8,True
wavelet-HHH_glszm_SizeZoneNonUniformityNormalized,0.7560926109336346,22,-0.3731696849255135,8,True
wavelet-HHH_glszm_SmallAreaEmphasis,0.6999483967635561,22,-0.3981762535465995,8,False
wavelet-HHH_glszm_SmallAreaHighGrayLevelEmphasis,0.7793462674352936,22,0.008111844344537971,8,True
wavelet-HHH_glszm_SmallAreaLowGrayLevelEmphasis,0.34626103113376344,22,0.27784292418906614,8,False
wavelet-HHH_glszm_ZoneEntropy,0.5572856224193558,22,-0.03215446881703832,8,False
wavelet-HHH_glszm_ZonePercentage,0.645948378060179,22,-0.4520075688442854,8,False
wavelet-HHH_glszm_ZoneVariance,-1.3447906078920593e-05,22,-0.0011080644437682374,8,False
wavelet-HHH_gldm_DependenceEntropy,0.809303859458641,22,-0.2652576955779358,8,True
wavelet-HHH_gldm_DependenceNonUniformity,0.8334646947667619,22,0.6452633595351497,8,True
wavelet-HHH_gldm_DependenceNonUniformityNormalized,0.764276670309123,22,-0.5110095605089984,8,True
wavelet-HHH_gldm_DependenceVariance,0.06442168630129766,22,-0.17885749017180777,8,False
wavelet-HHH_gldm_GrayLevelNonUniformity,0.31347623419918996,22,-0.02189425570521087,8,False
wavelet-HHH_gldm_GrayLevelVariance,0.8257772179994725,22,-0.2524290668249385,8,True
wavelet-HHH_gldm_HighGrayLevelEmphasis,0.7631233012436633,22,0.03998891807920006,8,True
wavelet-HHH_gldm_LargeDependenceEmphasis,0.06570013909286246,22,-0.1612570184263037,8,False
wavelet-HHH_gldm_LargeDependenceHighGrayLevelEmphasis,0.46411348249778084,22,0.47463313750730884,8,False
wavelet-HHH_gldm_LargeDependenceLowGrayLevelEmphasis,0.0206286826286864,22,0.013170441523105028,8,False
wavelet-HHH_gldm_LowGrayLevelEmphasis,0.305074686939882,22,0.27862887790272356,8,False
wavelet-HHH_gldm_SmallDependenceEmphasis,0.6731006720763193,22,-0.4653516187409127,8,False
wavelet-HHH_gldm_SmallDependenceHighGrayLevelEmphasis,0.8028854870521753,22,-0.05719156593230437,8,True
wavelet-HHH_gldm_SmallDependenceLowGrayLevelEmphasis,0.5987739978643707,22,0.7576142824100305,8,False
wavelet-HHH_ngtdm_Busyness,0.22792047234428256,22,-0.07874945678837225,8,False
wavelet-HHH_ngtdm_Coarseness,0.6713164517026942,22,0.2271772496205943,8,False
wavelet-HHH_ngtdm_Complexity,0.91237661939868,22,-0.0852322812346399,8,True
wavelet-HHH_ngtdm_Contrast,0.6978904738160886,22,-0.4614564459664166,8,False
wavelet-HHH_ngtdm_Strength,0.6556223409679751,22,-0.4480680550962245,8,False
wavelet-LLL_shape_Elongation,0.4697598842624501,22,0.5738864996852152,8,False
wavelet-LLL_shape_Flatness,0.616507232972749,22,0.6148435803984232,8,False
wavelet-LLL_shape_LeastAxisLength,0.7669594053436322,22,0.8118146024205378,8,True
wavelet-LLL_shape_MajorAxisLength,0.7644796519635452,22,0.5697862559124197,8,True
wavelet-LLL_shape_Maximum2DDiameterColumn,0.8211426819564499,22,0.4773879265459173,8,True
wavelet-LLL_shape_Maximum2DDiameterRow,0.7385779235397708,22,0.3607357215725509,8,False
wavelet-LLL_shape_Maximum2DDiameterSlice,0.6496447982144226,22,0.5852050439216012,8,False
wavelet-LLL_shape_Maximum3DDiameter,0.739142709602197,22,0.41764856156734387,8,False
wavelet-LLL_shape_MeshVolume,0.7283102577095294,22,0.5641616353792328,8,False
wavelet-LLL_shape_MinorAxisLength,0.6657388317444173,22,0.6521972274917414,8,False
wavelet-LLL_shape_Sphericity,0.5113266810893029,22,0.764270329765584,8,False
wavelet-LLL_shape_SurfaceArea,0.7442170545138365,22,0.7226857197978283,8,False
wavelet-LLL_shape_SurfaceVolumeRatio,0.5015427142356769,22,0.11105134467485078,8,False
wavelet-LLL_shape_VoxelVolume,0.7286509529434513,22,0.5653591439073548,8,False
wavelet-LLL_firstorder_10Percentile,0.757904348818629,22,0.5333333333333333,8,True
wavelet-LLL_firstorder_90Percentile,0.7770143660212375,22,0.5333333333333334,8,True
wavelet-LLL_firstorder_Energy,0.712322146658368,22,0.5657821700511706,8,False
wavelet-LLL_firstorder_Entropy,0.8245284258881833,22,0.4368690009446587,8,True
wavelet-LLL_firstorder_InterquartileRange,0.7687120701281183,22,0.6989247311827957,8,True
wavelet-LLL_firstorder_Kurtosis,0.5034255282243256,22,0.47663788205010815,8,False
wavelet-LLL_firstorder_Maximum,0.7294623826865465,22,0.29929628033893435,8,False
wavelet-LLL_firstorder_MeanAbsoluteDeviation,0.8482592101575634,22,0.5975398682379507,8,True
wavelet-LLL_firstorder_Mean,0.8020416822911494,22,0.04685748232125636,8,True
wavelet-LLL_firstorder_Median,0.6834170854271351,22,0.10256410256410252,8,False
wavelet-LLL_firstorder_Minimum,0.7076248592926119,22,0.8379629629629629,8,False
wavelet-LLL_firstorder_Range,0.7519942508084804,22,0.5928705440900562,8,True
wavelet-LLL_firstorder_RobustMeanAbsoluteDeviation,0.8188826046883305,22,0.7012034087173873,8,True
wavelet-LLL_firstorder_RootMeanSquared,0.7419195742278392,22,0.27011389883802045,8,False
wavelet-LLL_firstorder_Skewness,0.6714458935500386,22,0.166537123092686,8,False
wavelet-LLL_firstorder_TotalEnergy,0.712322146658368,22,0.5657821700511706,8,False
wavelet-LLL_firstorder_Uniformity,0.7736569429714519,22,0.6196790927547056,8,True
wavelet-LLL_firstorder_Variance,0.852710438759533,22,-0.06909271444159472,8,True
wavelet-LLL_glcm_Autocorrelation,0.6718213207586857,22,0.8360111477662693,8,False
wavelet-LLL_glcm_ClusterProminence,0.34846470559396947,22,-0.2002601093524291,8,False
wavelet-LLL_glcm_ClusterShade,0.5622889570121817,22,0.034722428650431764,8,False
wavelet-LLL_glcm_ClusterTendency,0.7827279005116448,22,0.28848843391300905,8,True
wavelet-LLL_glcm_Contrast,0.5079122388812349,22,0.716836215472123,8,False
wavelet-LLL_glcm_Correlation,0.7441964848973658,22,0.4575064662411903,8,False
wavelet-LLL_glcm_DifferenceAverage,0.5261814447924239,22,0.09527108989246481,8,False
wavelet-LLL_glcm_DifferenceEntropy,0.4529394175149923,22,0.3163898616003941,8,False
wavelet-LLL_glcm_DifferenceVariance,0.5534803105170805,22,0.7851656373062781,8,False
wavelet-LLL_glcm_Id,0.5963989594840923,22,-0.24857494884083456,8,False
wavelet-LLL_glcm_Idm,0.5955344582752514,22,-0.21454161074375172,8,False
wavelet-LLL_glcm_Idmn,0.8517336005220127,22,0.19893201116101586,8,True
wavelet-LLL_glcm_Idn,0.8621944742696869,22,0.26161539761341635,8,True
wavelet-LLL_glcm_Imc1,0.5344645086740112,22,0.41984196571684496,8,False
wavelet-LLL_glcm_Imc2,0.6088443908768889,22,0.41957540231522433,8,False
wavelet-LLL_glcm_InverseVariance,0.6161000495739507,22,-0.18505421838736705,8,False
wavelet-LLL_glcm_JointAverage,0.6869977198175826,22,0.8299264870693688,8,False
wavelet-LLL_glcm_JointEnergy,0.6868652816474138,22,0.327332911250459,8,False
wavelet-LLL_glcm_JointEntropy,0.6489577603300608,22,0.4965699340609336,8,False
wavelet-LLL_glcm_MCC,0.6011440854639472,22,0.32396071701213613,8,False
wavelet-LLL_glcm_MaximumProbability,0.8209956444949174,22,0.3947500472180614,8,True
wavelet-LLL_glcm_SumAverage,0.6869977198175804,22,0.8299264870693684,8,False
wavelet-LLL_glcm_SumEntropy,0.8319501947157737,22,0.49498357204333077,8,True
wavelet-LLL_glcm_SumSquares,0.7936868758467354,22,0.32530257812222796,8,True
wavelet-LLL_glrlm_GrayLevelNonUniformity,0.7336153858852636,22,0.5523560374369048,8,False
wavelet-LLL_glrlm_GrayLevelNonUniformityNormalized,0.7742138769200805,22,0.6334101532901991,8,True
wavelet-LLL_glrlm_GrayLevelVariance,0.8443619052644188,22,-0.08985329069963043,8,True
wavelet-LLL_glrlm_HighGrayLevelRunEmphasis,0.6890975675840364,22,0.8372932338123928,8,False
wavelet-LLL_glrlm_LongRunEmphasis,0.5115779628362696,22,-0.13750635934822272,8,False
wavelet-LLL_glrlm_LongRunHighGrayLevelEmphasis,0.7232614696568634,22,0.8276165777916397,8,False
wavelet-LLL_glrlm_LongRunLowGrayLevelEmphasis,0.5580625536365709,22,0.6938950730179569,8,False
wavelet-LLL_glrlm_LowGrayLevelRunEmphasis,0.578741221632758,22,0.7847415679165365,8,False
wavelet-LLL_glrlm_RunEntropy,0.8359950585414211,22,0.19201405112046635,8,True
wavelet-LLL_glrlm_RunLengthNonUniformity,0.7320486643165912,22,0.5792967795098959,8,False
wavelet-LLL_glrlm_RunLengthNonUniformityNormalized,0.5673919911972127,22,-0.07750481682478888,8,False
wavelet-LLL_glrlm_RunPercentage,0.5438320842904851,22,-0.10278795451425861,8,False
wavelet-LLL_glrlm_RunVariance,0.4623316018745299,22,-0.16482948861128283,8,False
wavelet-LLL_glrlm_ShortRunEmphasis,0.5651529879154144,22,-0.08496515924614012,8,False
wavelet-LLL_glrlm_ShortRunHighGrayLevelEmphasis,0.680547666499272,22,0.8384218364068156,8,False
wavelet-LLL_glrlm_ShortRunLowGrayLevelEmphasis,0.5820794147824176,22,0.7930384451074021,8,False
wavelet-LLL_glszm_GrayLevelNonUniformity,0.7306297994350309,22,0.6380200584813528,8,False
wavelet-LLL_glszm_GrayLevelNonUniformityNormalized,0.6207415525699786,22,0.20426519548689828,8,False
wavelet-LLL_glszm_GrayLevelVariance,0.6892394553336033,22,0.16624294475198012,8,False
wavelet-LLL_glszm_HighGrayLevelZoneEmphasis,0.7894252891544811,22,0.7993362368158952,8,True
wavelet-LLL_glszm_LargeAreaEmphasis,0.6314790002322564,22,0.18906474524623432,8,False
wavelet-LLL_glszm_LargeAreaHighGrayLevelEmphasis,0.839233561706853,22,0.4259940397987286,8,True
wavelet-LLL_glszm_LargeAreaLowGrayLevelEmphasis,0.1481298150578947,22,0.37029134174929257,8,False
wavelet-LLL_glszm_LowGrayLevelZoneEmphasis,0.549678598565022,22,0.8274536460357511,8,False
wavelet-LLL_glszm_SizeZoneNonUniformity,0.7314367970961604,22,0.6321643052892951,8,False
wavelet-LLL_glszm_SizeZoneNonUniformityNormalized,0.5031430880959608,22,-0.3267383452041448,8,False
wavelet-LLL_glszm_SmallAreaEmphasis,0.48869796081439715,22,-0.3214828808988177,8,False
wavelet-LLL_glszm_SmallAreaHighGrayLevelEmphasis,0.8007098669914107,22,0.7804255876520901,8,True
wavelet-LLL_glszm_SmallAreaLowGrayLevelEmphasis,0.5560422997015857,22,0.6406708627673318,8,False
wavelet-LLL_glszm_ZoneEntropy,0.8227265544774642,22,-0.15483004022124255,8,True
wavelet-LLL_glszm_ZonePercentage,0.5431728635435523,22,-0.1497048463793356,8,False
wavelet-LLL_glszm_ZoneVariance,0.6244469220355702,22,0.19717366549629367,8,False
wavelet-LLL_gldm_DependenceEntropy,0.7537110529758427,22,-0.10120735449046402,8,True
wavelet-LLL_gldm_DependenceNonUniformity,0.7455195861085304,22,0.6338683871905356,8,False
wavelet-LLL_gldm_DependenceNonUniformityNormalized,0.5491320649646805,22,-0.10109453485832727,8,False
wavelet-LLL_gldm_DependenceVariance,0.5034135920636714,22,0.06520043948274623,8,False
wavelet-LLL_gldm_GrayLevelNonUniformity,0.7334815922417589,22,0.5444129268976341,8,False
wavelet-LLL_gldm_GrayLevelVariance,0.8527104387595325,22,-0.0690927144415922,8,True
wavelet-LLL_gldm_HighGrayLevelEmphasis,0.6837526162303664,22,0.8394850572125511,8,False
wavelet-LLL_gldm_LargeDependenceEmphasis,0.5404376624177114,22,-0.051841204309341055,8,False
wavelet-LLL_gldm_LargeDependenceHighGrayLevelEmphasis,0.8486502819113989,22,0.700616966112514,8,True
wavelet-LLL_gldm_LargeDependenceLowGrayLevelEmphasis,0.3221842316100298,22,0.2141538886162741,8,False
wavelet-LLL_gldm_LowGrayLevelEmphasis,0.5807976445188189,22,0.7595852165079157,8,False
wavelet-LLL_gldm_SmallDependenceEmphasis,0.5196280019535789,22,-0.2002596890695951,8,False
wavelet-LLL_gldm_SmallDependenceHighGrayLevelEmphasis,0.6185867317551438,22,0.8029349034460876,8,False
wavelet-LLL_gldm_SmallDependenceLowGrayLevelEmphasis,0.5749802339756986,22,0.5700889059089107,8,False
wavelet-LLL_ngtdm_Busyness,0.5433903330128268,22,0.49134398168565785,8,False
wavelet-LLL_ngtdm_Coarseness,0.6215513304006314,22,0.3097533928692656,8,False
wavelet-LLL_ngtdm_Complexity,0.682300071278201,22,0.6851738754959011,8,False
wavelet-LLL_ngtdm_Contrast,0.7664119828964656,22,0.08452786396470617,8,True
wavelet-LLL_ngtdm_Strength,0.4867668845015384,22,0.4503160926595632,8,False
